Time (Sec),Analog Input 0,Analog Input 1
0.0,4.94,4.46
0.001,4.94,4.46
0.002,4.93,4.46
0.003,4.95,4.46
0.004,4.93,4.46
0.005,4.94,4.46
0.006,4.94,4.46
0.007,4.94,4.46
0.008,4.94,4.46
0.009,4.94,4.46
0.01,4.94,4.46
0.011,4.93,4.46
0.012,4.95,4.46
0.013,4.93,4.45
0.014,4.93,4.46
0.015,4.94,4.46
0.016,4.95,4.47
0.017,4.94,4.47
0.018,4.95,4.47
0.019,4.94,4.46
0.02,4.94,4.47
0.021,4.93,4.46
0.022,4.94,4.47
0.023,4.94,4.48
0.024,4.96,4.32
0.025,4.8,4.1
0.026,4.67,3.92
0.027,4.52,3.77
0.028,4.4,3.64
0.029,4.26,3.52
0.03,3.15,2.4
0.031,3.14,2.39
0.032,3.15,2.39
0.033,3.15,2.39
0.034,3.17,2.4
0.035,3.19,2.41
0.036,3.21,2.42
0.037,3.24,2.43
0.038,3.25,2.43
0.039,3.26,2.43
0.04,3.26,2.43
0.041,3.25,2.41
0.042,3.24,2.39
0.043,3.2,2.37
0.044,3.18,2.35
0.045,3.15,2.32
0.046,3.13,2.31
0.047,3.13,2.3
0.048,3.13,2.31
0.049,3.14,2.31
0.05,3.15,2.32
0.051,3.18,2.34
0.052,3.21,2.36
0.053,3.24,2.38
0.054,3.27,2.39
0.055,3.28,2.39
0.056,3.29,2.4
0.057,3.29,2.39
0.058,3.28,2.37
0.059,3.26,2.36
0.06,3.31,2.35
0.061,3.31,2.35
0.062,3.28,2.32
0.063,3.26,2.31
0.064,3.66,3.16
0.065,4.72,3.96
0.066,4.89,4.24
0.067,4.92,4.32
0.068,4.93,4.37
0.069,4.93,4.4
0.07,4.94,4.41
0.071,4.94,4.42
0.072,4.93,4.44
0.073,4.94,4.44
0.074,4.94,4.45
0.075,4.94,4.44
0.076,4.94,4.46
0.077,4.94,4.45
0.078,4.94,4.45
0.079,4.94,4.46
0.08,4.94,4.45
0.081,4.94,4.46
0.082,4.94,4.45
0.083,4.94,4.46
0.084,4.94,4.45
0.085,4.94,4.47
0.086,4.96,4.46
0.087,4.92,4.45
0.088,4.96,4.48
0.089,4.95,4.46
0.09,4.94,4.46
0.091,4.96,4.48
0.092,4.95,4.46
0.093,4.94,4.46
0.094,4.86,4.16
0.095,4.71,3.98
0.096,4.59,3.83
0.097,4.46,3.7
0.098,4.33,3.58
0.099,4.21,3.47
0.1,4.09,3.36
0.101,3.98,3.26
0.102,3.87,3.18
0.103,3.78,3.1
0.104,3.7,3.04
0.105,3.63,2.97
0.106,3.57,2.93
0.107,3.54,2.88
0.108,3.51,2.86
0.109,3.49,2.83
0.11,3.47,2.8
0.111,3.46,2.78
0.112,3.44,2.76
0.113,3.42,2.73
0.114,3.4,2.7
0.115,3.36,2.66
0.116,3.32,2.63
0.117,3.28,2.58
0.118,3.25,2.56
0.119,3.22,2.52
0.12,3.2,2.34
0.121,3.17,2.31
0.122,3.15,2.45
0.123,4.31,3.6
0.124,4.82,4.14
0.125,4.9,4.29
0.126,4.93,4.35
0.127,4.93,4.39
0.128,4.94,4.41
0.129,4.94,4.42
0.13,4.94,4.43
0.131,4.94,4.44
0.132,4.94,4.44
0.133,4.94,4.45
0.134,4.94,4.45
0.135,4.94,4.45
0.136,4.94,4.46
0.137,4.94,4.45
0.138,4.94,4.46
0.139,4.94,4.46
0.14,4.94,4.46
0.141,4.94,4.45
0.142,4.94,4.46
0.143,4.94,4.46
0.144,4.94,4.46
0.145,4.94,4.46
0.146,4.94,4.46
0.147,4.94,4.45
0.148,4.94,4.47
0.149,4.94,4.45
0.15,3.88,3.18
0.151,3.82,3.13
0.152,3.76,3.06
0.153,3.7,3.01
0.154,3.65,2.96
0.155,3.59,2.9
0.156,3.53,2.84
0.157,3.46,2.79
0.158,3.41,2.74
0.159,3.36,2.7
0.16,3.32,2.67
0.161,3.29,2.64
0.162,3.28,2.62
0.163,3.27,2.6
0.164,3.28,2.6
0.165,3.29,2.6
0.166,3.31,2.6
0.167,3.32,2.6
0.168,3.33,2.6
0.169,3.33,2.58
0.17,3.32,2.57
0.171,3.31,2.55
0.172,3.28,2.52
0.173,3.26,2.49
0.174,3.22,2.47
0.175,3.19,2.43
0.176,3.16,2.42
0.177,3.15,2.4
0.178,3.14,2.39
0.179,3.15,2.39
0.18,3.15,2.27
0.181,3.14,2.27
0.182,3.15,2.27
0.183,3.16,2.28
0.184,3.18,2.3
0.185,3.2,2.31
0.186,3.23,2.33
0.187,3.25,2.34
0.188,3.27,2.36
0.189,3.29,2.36
0.19,3.28,2.36
0.191,3.28,2.35
0.192,3.26,2.33
0.193,3.23,2.3
0.194,3.2,2.28
0.195,3.17,2.26
0.196,3.16,2.28
0.197,4.08,3.42
0.198,4.79,4.08
0.199,4.9,4.26
0.2,4.91,4.34
0.201,4.94,4.38
0.202,4.93,4.4
0.203,4.94,4.42
0.204,4.94,4.43
0.205,4.94,4.43
0.206,4.94,4.45
0.207,4.94,4.45
0.208,4.94,4.45
0.209,4.95,4.45
0.21,4.94,4.46
0.211,4.94,4.46
0.212,4.94,4.46
0.213,4.94,4.27
0.214,4.78,4.07
0.215,4.65,3.88
0.216,4.5,3.74
0.217,4.37,3.61
0.218,4.24,3.5
0.219,4.13,3.39
0.22,4.03,3.3
0.221,3.94,3.23
0.222,3.86,3.16
0.223,3.8,3.1
0.224,3.74,3.05
0.225,3.7,3.0
0.226,3.65,2.96
0.227,3.6,2.9
0.228,3.55,2.86
0.229,3.5,2.8
0.23,3.44,2.75
0.231,3.39,2.7
0.232,3.34,2.66
0.233,3.31,2.63
0.234,3.27,2.6
0.235,3.26,2.58
0.236,3.25,2.56
0.237,3.26,2.56
0.238,3.28,2.56
0.239,3.29,2.56
0.24,3.18,2.31
0.241,3.19,2.32
0.242,3.22,2.34
0.243,3.25,2.35
0.244,3.27,2.37
0.245,3.29,2.38
0.246,3.3,2.38
0.247,3.31,2.37
0.248,3.28,2.36
0.249,3.27,2.34
0.25,3.23,2.31
0.251,3.2,2.29
0.252,3.18,2.27
0.253,3.16,2.26
0.254,3.15,2.25
0.255,3.15,2.25
0.256,3.16,2.26
0.257,3.18,2.27
0.258,3.2,2.29
0.259,3.23,2.3
0.26,3.26,2.32
0.261,3.28,2.34
0.262,3.29,2.34
0.263,3.29,2.34
0.264,3.3,2.34
0.265,3.27,2.31
0.266,3.25,2.29
0.267,3.22,2.28
0.268,3.54,3.08
0.269,4.68,3.92
0.27,4.94,4.45
0.271,4.94,4.45
0.272,4.94,4.45
0.273,4.94,4.45
0.274,4.94,4.45
0.275,4.94,4.45
0.276,4.94,4.45
0.277,4.94,4.46
0.278,4.94,4.44
0.279,4.93,4.46
0.28,4.95,4.45
0.281,4.94,4.45
0.282,4.94,4.45
0.283,4.94,4.45
0.284,4.94,4.45
0.285,4.93,4.45
0.286,4.89,4.2
0.287,4.74,3.99
0.288,4.6,3.83
0.289,4.46,3.69
0.29,4.33,3.57
0.291,4.2,3.45
0.292,4.09,3.36
0.293,3.99,3.27
0.294,3.91,3.19
0.295,3.83,3.13
0.296,3.78,3.07
0.297,3.72,3.02
0.298,3.69,2.98
0.299,3.64,2.93
0.3,3.25,2.41
0.301,3.27,2.42
0.302,3.29,2.42
0.303,3.29,2.42
0.304,3.29,2.41
0.305,3.27,2.39
0.306,3.25,2.37
0.307,3.21,2.35
0.308,3.19,2.32
0.309,3.16,2.3
0.31,3.15,2.3
0.311,3.15,2.29
0.312,3.15,2.3
0.313,3.17,2.31
0.314,3.2,2.33
0.315,3.22,2.34
0.316,3.26,2.36
0.317,3.28,2.37
0.318,3.3,2.39
0.319,3.31,2.39
0.32,3.31,2.39
0.321,3.31,2.38
0.322,3.29,2.36
0.323,3.26,2.33
0.324,3.23,2.31
0.325,3.2,2.29
0.326,3.18,2.28
0.327,3.17,2.26
0.328,3.17,2.26
0.329,3.18,2.27
0.33,4.94,4.44
0.331,4.94,4.44
0.332,4.94,4.44
0.333,4.93,4.44
0.334,4.94,4.44
0.335,4.93,4.44
0.336,4.94,4.44
0.337,4.94,4.44
0.338,4.93,4.45
0.339,4.94,4.45
0.34,4.94,4.45
0.341,4.94,4.45
0.342,4.94,4.44
0.343,4.93,4.45
0.344,4.96,4.45
0.345,4.94,4.44
0.346,4.94,4.45
0.347,4.94,4.45
0.348,4.94,4.45
0.349,4.94,4.45
0.35,4.93,4.45
0.351,4.95,4.45
0.352,4.94,4.44
0.353,4.94,4.45
0.354,4.94,4.44
0.355,4.94,4.45
0.356,4.94,4.44
0.357,4.94,4.45
0.358,4.93,4.45
0.359,4.94,4.31
0.36,3.34,2.54
0.361,3.32,2.52
0.362,3.3,2.5
0.363,3.28,2.47
0.364,3.24,2.44
0.365,3.21,2.41
0.366,3.19,2.4
0.367,3.17,2.38
0.368,3.17,2.38
0.369,3.17,2.37
0.37,3.18,2.38
0.371,3.2,2.39
0.372,3.22,2.4
0.373,3.25,2.41
0.374,3.27,2.43
0.375,3.29,2.43
0.376,3.29,2.43
0.377,3.3,2.42
0.378,3.28,2.41
0.379,3.27,2.39
0.38,3.23,2.36
0.381,3.2,2.34
0.382,3.18,2.32
0.383,3.16,2.3
0.384,3.16,2.3
0.385,3.16,2.3
0.386,3.17,2.3
0.387,3.19,2.32
0.388,3.22,2.34
0.389,3.25,2.36
0.39,4.9,4.31
0.391,4.93,4.35
0.392,4.92,4.38
0.393,4.93,4.39
0.394,4.93,4.4
0.395,4.93,4.41
0.396,4.93,4.42
0.397,4.94,4.42
0.398,4.93,4.42
0.399,4.94,4.43
0.4,4.93,4.43
0.401,4.93,4.44
0.402,4.94,4.44
0.403,4.93,4.44
0.404,4.94,4.44
0.405,4.94,4.43
0.406,4.93,4.45
0.407,4.94,4.43
0.408,4.94,4.44
0.409,4.94,4.44
0.41,4.94,4.44
0.411,4.94,4.45
0.412,4.94,4.44
0.413,4.94,4.45
0.414,4.94,4.45
0.415,4.94,4.45
0.416,4.94,4.45
0.417,4.94,4.45
0.418,4.94,4.45
0.419,4.94,4.45
0.42,3.45,2.74
0.421,3.4,2.69
0.422,3.35,2.65
0.423,3.31,2.62
0.424,3.29,2.59
0.425,3.27,2.57
0.426,3.26,2.56
0.427,3.27,2.56
0.428,3.28,2.56
0.429,3.3,2.56
0.43,3.32,2.56
0.431,3.33,2.57
0.432,3.34,2.56
0.433,3.34,2.55
0.434,3.33,2.53
0.435,3.31,2.51
0.436,3.29,2.48
0.437,3.25,2.45
0.438,3.22,2.43
0.439,3.2,2.4
0.44,3.17,2.39
0.441,3.17,2.38
0.442,3.16,2.37
0.443,3.18,2.38
0.444,3.2,2.39
0.445,3.22,2.4
0.446,3.24,2.41
0.447,3.27,2.42
0.448,3.29,2.43
0.449,3.3,2.43
0.45,3.27,2.34
0.451,3.3,2.36
0.452,3.31,2.36
0.453,3.32,2.36
0.454,3.31,2.35
0.455,3.3,2.34
0.456,3.27,2.31
0.457,3.24,2.29
0.458,3.21,2.28
0.459,3.92,3.3
0.46,4.75,4.01
0.461,4.89,4.23
0.462,4.91,4.31
0.463,4.92,4.35
0.464,4.94,4.38
0.465,4.93,4.39
0.466,4.94,4.42
0.467,4.93,4.41
0.468,4.93,4.42
0.469,4.93,4.43
0.47,4.94,4.43
0.471,4.93,4.42
0.472,4.94,4.45
0.473,4.94,4.43
0.474,4.93,4.44
0.475,4.94,4.44
0.476,4.94,4.44
0.477,4.94,4.44
0.478,4.93,4.44
0.479,4.94,4.45
0.48,4.21,3.46
0.481,4.1,3.36
0.482,3.99,3.27
0.483,3.91,3.2
0.484,3.83,3.13
0.485,3.76,3.07
0.486,3.71,3.02
0.487,3.68,2.98
0.488,3.64,2.94
0.489,3.6,2.9
0.49,3.57,2.86
0.491,3.53,2.82
0.492,3.48,2.77
0.493,3.43,2.72
0.494,3.38,2.67
0.495,3.33,2.63
0.496,3.3,2.6
0.497,3.27,2.57
0.498,3.25,2.56
0.499,3.25,2.54
0.5,3.24,2.54
0.501,3.27,2.54
0.502,3.28,2.55
0.503,3.3,2.55
0.504,3.32,2.55
0.505,3.33,2.55
0.506,3.33,2.55
0.507,3.33,2.53
0.508,3.31,2.51
0.509,3.29,2.49
0.51,3.32,2.39
0.511,3.31,2.38
0.512,3.29,2.36
0.513,3.27,2.34
0.514,3.23,2.31
0.515,3.21,2.29
0.516,3.18,2.28
0.517,3.17,2.27
0.518,3.17,2.27
0.519,3.18,2.27
0.52,3.19,2.28
0.521,3.21,2.29
0.522,3.24,2.31
0.523,3.26,2.33
0.524,3.28,2.35
0.525,3.3,2.35
0.526,3.31,2.36
0.527,3.31,2.35
0.528,3.3,2.34
0.529,3.28,2.32
0.53,3.25,2.29
0.531,3.22,2.27
0.532,3.19,2.25
0.533,3.19,2.43
0.534,4.34,3.58
0.535,4.82,4.11
0.536,4.9,4.26
0.537,4.91,4.34
0.538,4.93,4.36
0.539,4.92,4.38
0.54,4.94,4.45
0.541,4.94,4.44
0.542,4.93,4.46
0.543,4.95,4.45
0.544,4.94,4.45
0.545,4.94,4.45
0.546,4.94,4.45
0.547,4.94,4.45
0.548,4.88,4.2
0.549,4.74,4.0
0.55,4.6,3.84
0.551,4.47,3.7
0.552,4.33,3.57
0.553,4.21,3.45
0.554,4.09,3.35
0.555,3.99,3.26
0.556,3.9,3.19
0.557,3.82,3.11
0.558,3.76,3.06
0.559,3.71,3.01
0.56,3.66,2.97
0.561,3.62,2.93
0.562,3.59,2.89
0.563,3.56,2.85
0.564,3.52,2.81
0.565,3.48,2.77
0.566,3.43,2.72
0.567,3.38,2.67
0.568,3.33,2.63
0.569,3.3,2.59
0.57,3.22,2.35
0.571,3.19,2.32
0.572,3.16,2.3
0.573,3.15,2.29
0.574,3.15,2.28
0.575,3.15,2.29
0.576,3.16,2.29
0.577,3.17,2.31
0.578,3.21,2.32
0.579,3.24,2.34
0.58,3.26,2.36
0.581,3.29,2.37
0.582,3.3,2.38
0.583,3.31,2.38
0.584,3.31,2.37
0.585,3.29,2.36
0.586,3.27,2.34
0.587,3.24,2.31
0.588,3.21,2.29
0.589,3.18,2.27
0.59,3.17,2.26
0.591,3.16,2.26
0.592,3.17,2.26
0.593,3.18,2.26
0.594,3.2,2.28
0.595,3.22,2.31
0.596,3.24,2.31
0.597,3.27,2.32
0.598,3.29,2.34
0.599,3.3,2.34
0.6,4.94,4.44
0.601,4.93,4.43
0.602,4.93,4.44
0.603,4.95,4.45
0.604,4.93,4.44
0.605,4.94,4.43
0.606,4.92,4.45
0.607,4.95,4.45
0.608,4.93,4.44
0.609,4.93,4.44
0.61,4.93,4.44
0.611,4.93,4.44
0.612,4.93,4.44
0.613,4.94,4.42
0.614,4.92,4.45
0.615,4.95,4.44
0.616,4.94,4.45
0.617,4.94,4.44
0.618,4.93,4.44
0.619,4.94,4.44
0.62,4.93,4.45
0.621,4.93,4.24
0.622,4.77,4.04
0.623,4.63,3.87
0.624,4.49,3.72
0.625,4.36,3.59
0.626,4.23,3.47
0.627,4.11,3.36
0.628,4.01,3.28
0.629,3.91,3.19
0.63,3.16,2.35
0.631,3.15,2.35
0.632,3.15,2.34
0.633,3.16,2.34
0.634,3.17,2.35
0.635,3.19,2.36
0.636,3.22,2.37
0.637,3.24,2.38
0.638,3.27,2.39
0.639,3.28,2.39
0.64,3.28,2.39
0.641,3.27,2.37
0.642,3.25,2.36
0.643,3.23,2.34
0.644,3.19,2.31
0.645,3.17,2.28
0.646,3.15,2.28
0.647,3.14,2.26
0.648,3.14,2.26
0.649,3.15,2.26
0.65,3.16,2.28
0.651,3.19,2.29
0.652,3.22,2.31
0.653,3.25,2.33
0.654,3.28,2.35
0.655,3.3,2.36
0.656,3.3,2.35
0.657,3.31,2.35
0.658,3.29,2.34
0.659,3.28,2.32
0.66,4.92,4.41
0.661,4.93,4.42
0.662,4.93,4.42
0.663,4.94,4.42
0.664,4.93,4.42
0.665,4.93,4.42
0.666,4.94,4.43
0.667,4.93,4.42
0.668,4.93,4.42
0.669,4.93,4.42
0.67,4.93,4.43
0.671,4.93,4.42
0.672,4.93,4.44
0.673,4.94,4.43
0.674,4.93,4.43
0.675,4.93,4.43
0.676,4.93,4.43
0.677,4.94,4.43
0.678,4.92,4.44
0.679,4.94,4.43
0.68,4.93,4.43
0.681,4.93,4.43
0.682,4.93,4.43
0.683,4.93,4.43
0.684,4.93,4.43
0.685,4.93,4.43
0.686,4.93,4.43
0.687,4.93,4.44
0.688,4.94,4.43
0.689,4.93,4.43
0.69,3.27,2.55
0.691,3.29,2.55
0.692,3.29,2.55
0.693,3.31,2.55
0.694,3.32,2.54
0.695,3.34,2.55
0.696,3.34,2.54
0.697,3.33,2.52
0.698,3.32,2.5
0.699,3.3,2.48
0.7,3.26,2.45
0.701,3.23,2.42
0.702,3.2,2.38
0.703,3.17,2.38
0.704,3.16,2.36
0.705,3.16,2.35
0.706,3.17,2.35
0.707,3.18,2.35
0.708,3.2,2.37
0.709,3.22,2.38
0.71,3.24,2.39
0.711,3.26,2.4
0.712,3.28,2.4
0.713,3.29,2.4
0.714,3.28,2.39
0.715,3.26,2.37
0.716,3.24,2.35
0.717,3.22,2.32
0.718,3.19,2.3
0.719,3.16,2.28
0.72,3.24,2.26
0.721,3.22,2.24
0.722,3.19,2.22
0.723,3.19,2.48
0.724,4.39,3.6
0.725,4.82,4.1
0.726,4.89,4.24
0.727,4.91,4.32
0.728,4.92,4.35
0.729,4.92,4.37
0.73,4.93,4.38
0.731,4.93,4.4
0.732,4.93,4.4
0.733,4.93,4.41
0.734,4.94,4.41
0.735,4.93,4.42
0.736,4.94,4.43
0.737,4.94,4.42
0.738,4.93,4.42
0.739,4.93,4.42
0.74,4.93,4.42
0.741,4.93,4.42
0.742,4.93,4.42
0.743,4.93,4.42
0.744,4.94,4.43
0.745,4.93,4.42
0.746,4.93,4.43
0.747,4.93,4.43
0.748,4.93,4.43
0.749,4.93,4.43
0.75,3.78,3.06
0.751,3.74,3.02
0.752,3.69,2.96
0.753,3.64,2.92
0.754,3.6,2.87
0.755,3.55,2.82
0.756,3.5,2.77
0.757,3.44,2.71
0.758,3.39,2.67
0.759,3.34,2.63
0.76,3.31,2.59
0.761,3.28,2.57
0.762,3.28,2.55
0.763,3.27,2.53
0.764,3.28,2.54
0.765,3.29,2.53
0.766,3.3,2.54
0.767,3.33,2.54
0.768,3.34,2.55
0.769,3.35,2.53
0.77,3.34,2.52
0.771,3.33,2.51
0.772,3.31,2.48
0.773,3.28,2.45
0.774,3.24,2.42
0.775,3.22,2.39
0.776,3.19,2.38
0.777,3.17,2.36
0.778,3.17,2.35
0.779,3.17,2.35
0.78,3.18,2.24
0.781,3.17,2.24
0.782,3.18,2.24
0.783,3.19,2.25
0.784,3.2,2.26
0.785,3.23,2.28
0.786,3.25,2.29
0.787,3.28,2.31
0.788,3.3,2.32
0.789,3.32,2.33
0.79,3.32,2.33
0.791,3.31,2.32
0.792,3.29,2.3
0.793,3.27,2.28
0.794,3.24,2.26
0.795,3.21,2.24
0.796,3.19,2.24
0.797,3.72,3.15
0.798,4.7,3.93
0.799,4.88,4.19
0.8,4.89,4.28
0.801,4.92,4.34
0.802,4.93,4.36
0.803,4.92,4.38
0.804,4.93,4.39
0.805,4.93,4.4
0.806,4.93,4.4
0.807,4.93,4.41
0.808,4.93,4.41
0.809,4.93,4.41
0.81,4.93,4.43
0.811,4.93,4.43
0.812,4.9,4.21
0.813,4.75,4.0
0.814,4.61,3.84
0.815,4.47,3.69
0.816,4.34,3.57
0.817,4.21,3.45
0.818,4.1,3.34
0.819,4.0,3.26
0.82,3.91,3.18
0.821,3.83,3.11
0.822,3.78,3.06
0.823,3.72,3.01
0.824,3.68,2.96
0.825,3.65,2.92
0.826,3.61,2.89
0.827,3.57,2.83
0.828,3.52,2.8
0.829,3.48,2.75
0.83,3.43,2.7
0.831,3.38,2.66
0.832,3.33,2.61
0.833,3.3,2.58
0.834,3.27,2.55
0.835,3.26,2.54
0.836,3.26,2.53
0.837,3.26,2.53
0.838,3.28,2.53
0.839,3.3,2.53
0.84,3.18,2.3
0.841,3.21,2.32
0.842,3.24,2.34
0.843,3.27,2.35
0.844,3.29,2.36
0.845,3.31,2.37
0.846,3.32,2.38
0.847,3.32,2.37
0.848,3.31,2.36
0.849,3.3,2.34
0.85,3.27,2.32
0.851,3.24,2.29
0.852,3.21,2.27
0.853,3.19,2.26
0.854,3.18,2.25
0.855,3.18,2.25
0.856,3.19,2.26
0.857,3.2,2.27
0.858,3.22,2.28
0.859,3.25,2.3
0.86,3.27,2.32
0.861,3.3,2.34
0.862,3.31,2.34
0.863,3.32,2.34
0.864,3.32,2.34
0.865,3.3,2.32
0.866,3.28,2.31
0.867,3.26,2.28
0.868,3.22,2.25
0.869,3.2,2.24
0.87,4.93,4.43
0.871,4.93,4.43
0.872,4.94,4.43
0.873,4.93,4.43
0.874,4.93,4.43
0.875,4.93,4.43
0.876,4.93,4.44
0.877,4.93,4.44
0.878,4.94,4.44
0.879,4.93,4.44
0.88,4.93,4.43
0.881,4.93,4.44
0.882,4.94,4.43
0.883,4.93,4.44
0.884,4.93,4.44
0.885,4.93,4.43
0.886,4.93,4.31
0.887,4.8,4.06
0.888,4.65,3.89
0.889,4.52,3.74
0.89,4.38,3.6
0.891,4.26,3.49
0.892,4.14,3.39
0.893,4.03,3.29
0.894,3.95,3.22
0.895,3.87,3.15
0.896,3.81,3.1
0.897,3.76,3.03
0.898,3.7,2.99
0.899,3.67,2.94
0.9,3.26,2.4
0.901,3.29,2.41
0.902,3.3,2.42
0.903,3.31,2.42
0.904,3.3,2.41
0.905,3.29,2.39
0.906,3.27,2.37
0.907,3.23,2.35
0.908,3.21,2.32
0.909,3.18,2.3
0.91,3.17,2.29
0.911,3.16,2.29
0.912,3.17,2.29
0.913,3.18,2.3
0.914,3.21,2.32
0.915,3.23,2.33
0.916,3.27,2.35
0.917,3.29,2.36
0.918,3.31,2.38
0.919,3.33,2.38
0.92,3.33,2.38
0.921,3.33,2.37
0.922,3.31,2.36
0.923,3.29,2.34
0.924,3.25,2.31
0.925,3.22,2.29
0.926,3.2,2.27
0.927,3.19,2.26
0.928,3.18,2.26
0.929,3.19,2.26
0.93,4.93,4.43
0.931,4.94,4.42
0.932,4.93,4.42
0.933,4.93,4.42
0.934,4.94,4.43
0.935,4.93,4.42
0.936,4.93,4.43
0.937,4.93,4.42
0.938,4.93,4.43
0.939,4.94,4.43
0.94,4.93,4.43
0.941,4.93,4.43
0.942,4.93,4.43
0.943,4.93,4.43
0.944,4.93,4.42
0.945,4.93,4.42
0.946,4.93,4.44
0.947,4.94,4.42
0.948,4.93,4.43
0.949,4.93,4.41
0.95,4.93,4.43
0.951,4.94,4.45
0.952,4.93,4.43
0.953,4.93,4.43
0.954,4.93,4.43
0.955,4.93,4.43
0.956,4.85,4.14
0.957,4.71,3.96
0.958,4.57,3.8
0.959,4.45,3.66
0.96,3.34,2.5
0.961,3.33,2.48
0.962,3.31,2.46
0.963,3.29,2.43
0.964,3.25,2.4
0.965,3.22,2.38
0.966,3.2,2.36
0.967,3.18,2.35
0.968,3.17,2.34
0.969,3.18,2.34
0.97,3.19,2.35
0.971,3.21,2.36
0.972,3.23,2.37
0.973,3.26,2.38
0.974,3.28,2.39
0.975,3.3,2.4
0.976,3.31,2.4
0.977,3.31,2.4
0.978,3.3,2.38
0.979,3.28,2.37
0.98,3.26,2.34
0.981,3.22,2.32
0.982,3.2,2.29
0.983,3.18,2.28
0.984,3.17,2.27
0.985,3.17,2.27
0.986,3.18,2.28
0.987,3.2,2.3
0.988,3.23,2.31
0.989,3.26,2.33
0.99,4.89,4.27
0.991,4.92,4.32
0.992,4.91,4.33
0.993,4.91,4.37
0.994,4.92,4.38
0.995,4.91,4.39
0.996,4.92,4.39
0.997,4.92,4.4
0.998,4.93,4.41
0.999,4.93,4.41
1.0,4.93,4.41
1.001,4.93,4.42
1.002,4.93,4.42
1.003,4.93,4.42
1.004,4.93,4.42
1.005,4.93,4.42
1.006,4.93,4.42
1.007,4.93,4.42
1.008,4.93,4.42
1.009,4.93,4.42
1.01,4.92,4.42
1.011,4.93,4.43
1.012,4.93,4.42
1.013,4.92,4.42
1.014,4.93,4.42
1.015,4.92,4.42
1.016,4.92,4.42
1.017,4.92,4.41
1.018,4.93,4.42
1.019,4.92,4.42
1.02,3.45,2.72
1.021,3.4,2.68
1.022,3.36,2.64
1.023,3.31,2.6
1.024,3.29,2.57
1.025,3.27,2.55
1.026,3.27,2.55
1.027,3.27,2.54
1.028,3.28,2.54
1.029,3.3,2.54
1.03,3.32,2.55
1.031,3.34,2.55
1.032,3.35,2.55
1.033,3.36,2.54
1.034,3.35,2.52
1.035,3.33,2.5
1.036,3.31,2.48
1.037,3.28,2.45
1.038,3.24,2.42
1.039,3.21,2.39
1.04,3.19,2.38
1.041,3.19,2.37
1.042,3.18,2.36
1.043,3.19,2.37
1.044,3.21,2.37
1.045,3.23,2.38
1.046,3.25,2.4
1.047,3.28,2.41
1.048,3.3,2.42
1.049,3.31,2.42
1.05,3.29,2.32
1.051,3.31,2.34
1.052,3.33,2.35
1.053,3.33,2.35
1.054,3.34,2.35
1.055,3.32,2.33
1.056,3.3,2.31
1.057,3.26,2.28
1.058,3.24,2.26
1.059,3.21,2.24
1.06,3.23,2.73
1.061,4.54,3.73
1.062,4.84,4.13
1.063,4.89,4.24
1.064,4.9,4.32
1.065,4.92,4.35
1.066,4.92,4.37
1.067,4.93,4.39
1.068,4.93,4.39
1.069,4.93,4.41
1.07,4.94,4.41
1.071,4.93,4.41
1.072,4.93,4.41
1.073,4.93,4.41
1.074,4.93,4.42
1.075,4.93,4.41
1.076,4.93,4.42
1.077,4.93,4.42
1.078,4.93,4.42
1.079,4.93,4.42
1.08,4.49,3.72
1.081,4.37,3.59
1.082,4.24,3.47
1.083,4.13,3.38
1.084,4.03,3.29
1.085,3.95,3.21
1.086,3.88,3.15
1.087,3.82,3.09
1.088,3.77,3.04
1.089,3.72,2.98
1.09,3.67,2.95
1.091,3.63,2.89
1.092,3.57,2.84
1.093,3.52,2.79
1.094,3.46,2.73
1.095,3.42,2.69
1.096,3.36,2.66
1.097,3.34,2.62
1.098,3.31,2.6
1.099,3.3,2.58
1.1,3.29,2.56
1.101,3.31,2.57
1.102,3.33,2.57
1.103,3.33,2.57
1.104,3.36,2.57
1.105,3.36,2.57
1.106,3.37,2.56
1.107,3.37,2.55
1.108,3.35,2.53
1.109,3.33,2.5
1.11,3.35,2.39
1.111,3.34,2.39
1.112,3.33,2.37
1.113,3.3,2.34
1.114,3.28,2.32
1.115,3.25,2.3
1.116,3.21,2.28
1.117,3.21,2.27
1.118,3.2,2.27
1.119,3.2,2.27
1.12,3.21,2.28
1.121,3.23,2.29
1.122,3.27,2.31
1.123,3.29,2.33
1.124,3.31,2.34
1.125,3.33,2.35
1.126,3.34,2.35
1.127,3.34,2.36
1.128,3.33,2.34
1.129,3.31,2.32
1.13,3.29,2.3
1.131,3.26,2.28
1.132,3.23,2.26
1.133,3.22,2.54
1.134,4.42,3.64
1.135,4.83,4.11
1.136,4.89,4.26
1.137,4.92,4.31
1.138,4.91,4.35
1.139,4.93,4.38
1.14,4.93,4.44
1.141,4.94,4.44
1.142,4.93,4.44
1.143,4.94,4.44
1.144,4.93,4.44
1.145,4.94,4.44
1.146,4.94,4.44
1.147,4.94,4.44
1.148,4.93,4.44
1.149,4.94,4.34
1.15,4.81,4.09
1.151,4.67,3.92
1.152,4.53,3.76
1.153,4.41,3.63
1.154,4.27,3.49
1.155,4.15,3.4
1.156,4.05,3.3
1.157,3.96,3.22
1.158,3.87,3.16
1.159,3.82,3.09
1.16,3.76,3.04
1.161,3.72,3.0
1.162,3.68,2.95
1.163,3.64,2.91
1.164,3.6,2.87
1.165,3.56,2.82
1.166,3.51,2.77
1.167,3.45,2.72
1.168,3.41,2.68
1.169,3.36,2.64
1.17,3.27,2.37
1.171,3.24,2.34
1.172,3.21,2.32
1.173,3.2,2.31
1.174,3.19,2.3
1.175,3.19,2.3
1.176,3.2,2.3
1.177,3.21,2.32
1.178,3.24,2.34
1.179,3.27,2.36
1.18,3.3,2.37
1.181,3.33,2.39
1.182,3.34,2.4
1.183,3.35,2.4
1.184,3.35,2.39
1.185,3.34,2.37
1.186,3.31,2.37
1.187,3.29,2.33
1.188,3.26,2.31
1.189,3.23,2.29
1.19,3.22,2.28
1.191,3.2,2.27
1.192,3.21,2.27
1.193,3.21,2.28
1.194,3.23,2.29
1.195,3.26,2.3
1.196,3.28,2.32
1.197,3.31,2.34
1.198,3.33,2.36
1.199,3.34,2.36
1.2,4.93,4.43
1.201,4.93,4.44
1.202,4.94,4.43
1.203,4.93,4.43
1.204,4.94,4.43
1.205,4.93,4.43
1.206,4.94,4.43
1.207,4.93,4.44
1.208,4.93,4.43
1.209,4.93,4.43
1.21,4.93,4.43
1.211,4.94,4.43
1.212,4.93,4.43
1.213,4.93,4.42
1.214,4.94,4.44
1.215,4.93,4.43
1.216,4.94,4.45
1.217,4.93,4.43
1.218,4.93,4.44
1.219,4.95,4.44
1.22,4.93,4.43
1.221,4.93,4.44
1.222,4.93,4.43
1.223,4.86,4.16
1.224,4.72,3.97
1.225,4.58,3.8
1.226,4.44,3.67
1.227,4.31,3.54
1.228,4.19,3.43
1.229,4.08,3.33
1.23,3.21,2.39
1.231,3.2,2.38
1.232,3.2,2.37
1.233,3.21,2.38
1.234,3.23,2.38
1.235,3.24,2.39
1.236,3.27,2.41
1.237,3.29,2.42
1.238,3.31,2.43
1.239,3.33,2.43
1.24,3.33,2.43
1.241,3.33,2.42
1.242,3.31,2.4
1.243,3.29,2.38
1.244,3.26,2.35
1.245,3.23,2.33
1.246,3.21,2.31
1.247,3.2,2.3
1.248,3.19,2.3
1.249,3.2,2.3
1.25,3.21,2.31
1.251,3.25,2.34
1.252,3.27,2.35
1.253,3.3,2.37
1.254,3.33,2.39
1.255,3.34,2.39
1.256,3.35,2.4
1.257,3.36,2.39
1.258,3.35,2.39
1.259,3.33,2.36
1.26,4.93,4.42
1.261,4.93,4.42
1.262,4.93,4.42
1.263,4.93,4.42
1.264,4.93,4.42
1.265,4.93,4.42
1.266,4.93,4.43
1.267,4.93,4.42
1.268,4.93,4.43
1.269,4.93,4.43
1.27,4.93,4.43
1.271,4.94,4.43
1.272,4.93,4.43
1.273,4.93,4.43
1.274,4.94,4.44
1.275,4.93,4.43
1.276,4.93,4.44
1.277,4.94,4.43
1.278,4.93,4.44
1.279,4.94,4.44
1.28,4.93,4.43
1.281,4.93,4.43
1.282,4.93,4.42
1.283,4.93,4.45
1.284,4.94,4.42
1.285,4.92,4.43
1.286,4.93,4.43
1.287,4.93,4.44
1.288,4.94,4.44
1.289,4.93,4.44
1.29,3.26,2.52
1.291,3.29,2.53
1.292,3.3,2.53
1.293,3.32,2.53
1.294,3.34,2.54
1.295,3.35,2.54
1.296,3.36,2.52
1.297,3.36,2.53
1.298,3.35,2.51
1.299,3.33,2.49
1.3,3.31,2.47
1.301,3.28,2.44
1.302,3.24,2.4
1.303,3.21,2.38
1.304,3.2,2.37
1.305,3.18,2.37
1.306,3.2,2.37
1.307,3.21,2.37
1.308,3.22,2.38
1.309,3.26,2.39
1.31,3.28,2.41
1.311,3.3,2.42
1.312,3.32,2.42
1.313,3.32,2.42
1.314,3.33,2.42
1.315,3.31,2.4
1.316,3.29,2.38
1.317,3.27,2.35
1.318,3.23,2.33
1.319,3.21,2.31
1.32,3.3,2.31
1.321,3.28,2.53
1.322,4.4,3.61
1.323,4.82,4.11
1.324,4.89,4.25
1.325,4.91,4.31
1.326,4.92,4.35
1.327,4.93,4.38
1.328,4.93,4.39
1.329,4.93,4.4
1.33,4.93,4.4
1.331,4.93,4.41
1.332,4.93,4.41
1.333,4.93,4.42
1.334,4.93,4.42
1.335,4.93,4.42
1.336,4.94,4.44
1.337,4.93,4.42
1.338,4.93,4.42
1.339,4.93,4.43
1.34,4.93,4.43
1.341,4.93,4.43
1.342,4.93,4.43
1.343,4.93,4.43
1.344,4.94,4.44
1.345,4.93,4.42
1.346,4.94,4.45
1.347,4.94,4.43
1.348,4.93,4.43
1.349,4.94,4.44
1.35,3.65,2.94
1.351,3.62,2.91
1.352,3.59,2.87
1.353,3.57,2.84
1.354,3.54,2.8
1.355,3.5,2.76
1.356,3.46,2.71
1.357,3.41,2.67
1.358,3.36,2.63
1.359,3.32,2.6
1.36,3.29,2.56
1.361,3.27,2.54
1.362,3.26,2.53
1.363,3.26,2.51
1.364,3.28,2.53
1.365,3.29,2.52
1.366,3.31,2.54
1.367,3.33,2.53
1.368,3.34,2.54
1.369,3.36,2.54
1.37,3.36,2.52
1.371,3.35,2.51
1.372,3.33,2.49
1.373,3.31,2.47
1.374,3.27,2.44
1.375,3.24,2.41
1.376,3.21,2.39
1.377,3.21,2.38
1.378,3.19,2.36
1.379,3.19,2.37
1.38,3.21,2.27
1.381,3.2,2.27
1.382,3.2,2.27
1.383,3.21,2.28
1.384,3.23,2.29
1.385,3.25,2.3
1.386,3.28,2.32
1.387,3.3,2.34
1.388,3.32,2.35
1.389,3.34,2.36
1.39,3.34,2.36
1.391,3.34,2.35
1.392,3.33,2.34
1.393,3.3,2.31
1.394,3.28,2.29
1.395,3.24,2.27
1.396,3.22,2.3
1.397,4.13,3.41
1.398,4.78,4.05
1.399,4.89,4.22
1.4,4.9,4.3
1.401,4.93,4.35
1.402,4.92,4.36
1.403,4.93,4.39
1.404,4.93,4.39
1.405,4.93,4.4
1.406,4.93,4.41
1.407,4.93,4.41
1.408,4.93,4.41
1.409,4.94,4.43
1.41,4.93,4.44
1.411,4.94,4.25
1.412,4.77,4.04
1.413,4.64,3.87
1.414,4.5,3.72
1.415,4.36,3.59
1.416,4.24,3.47
1.417,4.12,3.36
1.418,4.01,3.27
1.419,3.92,3.19
1.42,3.84,3.12
1.421,3.78,3.06
1.422,3.72,3.01
1.423,3.68,2.97
1.424,3.65,2.93
1.425,3.62,2.9
1.426,3.59,2.87
1.427,3.56,2.82
1.428,3.51,2.79
1.429,3.49,2.74
1.43,3.43,2.7
1.431,3.39,2.65
1.432,3.34,2.61
1.433,3.31,2.58
1.434,3.28,2.55
1.435,3.27,2.54
1.436,3.26,2.53
1.437,3.27,2.53
1.438,3.29,2.53
1.439,3.3,2.53
1.44,3.2,2.31
1.441,3.23,2.33
1.442,3.25,2.34
1.443,3.29,2.37
1.444,3.31,2.38
1.445,3.33,2.39
1.446,3.35,2.4
1.447,3.35,2.39
1.448,3.34,2.39
1.449,3.33,2.37
1.45,3.3,2.34
1.451,3.27,2.32
1.452,3.24,2.3
1.453,3.22,2.28
1.454,3.2,2.27
1.455,3.2,2.27
1.456,3.21,2.28
1.457,3.22,2.28
1.458,3.24,2.3
1.459,3.27,2.31
1.46,3.29,2.33
1.461,3.32,2.35
1.462,3.34,2.36
1.463,3.34,2.36
1.464,3.35,2.36
1.465,3.33,2.35
1.466,3.31,2.33
1.467,3.28,2.3
1.468,3.25,2.28
1.469,3.45,2.97
1.47,4.93,4.44
1.471,4.94,4.44
1.472,4.93,4.44
1.473,4.94,4.43
1.474,4.93,4.43
1.475,4.94,4.45
1.476,4.94,4.44
1.477,4.93,4.44
1.478,4.94,4.44
1.479,4.93,4.44
1.48,4.94,4.44
1.481,4.93,4.44
1.482,4.93,4.44
1.483,4.93,4.44
1.484,4.94,4.44
1.485,4.9,4.21
1.486,4.75,4.01
1.487,4.61,3.84
1.488,4.47,3.7
1.489,4.34,3.57
1.49,4.21,3.45
1.491,4.1,3.35
1.492,4.0,3.26
1.493,3.91,3.18
1.494,3.83,3.12
1.495,3.77,3.06
1.496,3.72,3.02
1.497,3.68,2.97
1.498,3.65,2.94
1.499,3.61,2.9
1.5,3.27,2.41
1.501,3.29,2.42
1.502,3.31,2.43
1.503,3.31,2.43
1.504,3.31,2.42
1.505,3.31,2.41
1.506,3.29,2.39
1.507,3.25,2.35
1.508,3.23,2.34
1.509,3.2,2.31
1.51,3.18,2.3
1.511,3.17,2.3
1.512,3.18,2.3
1.513,3.19,2.3
1.514,3.21,2.32
1.515,3.24,2.34
1.516,3.27,2.36
1.517,3.29,2.38
1.518,3.32,2.39
1.519,3.34,2.4
1.52,3.34,2.39
1.521,3.34,2.39
1.522,3.32,2.37
1.523,3.3,2.35
1.524,3.27,2.33
1.525,3.24,2.3
1.526,3.22,2.29
1.527,3.2,2.27
1.528,3.19,2.27
1.529,3.2,2.27
1.53,4.93,4.43
1.531,4.93,4.43
1.532,4.93,4.43
1.533,4.93,4.43
1.534,4.94,4.44
1.535,4.93,4.44
1.536,4.94,4.44
1.537,4.93,4.43
1.538,4.94,4.44
1.539,4.93,4.42
1.54,4.94,4.45
1.541,4.94,4.44
1.542,4.93,4.43
1.543,4.94,4.44
1.544,4.93,4.44
1.545,4.93,4.43
1.546,4.93,4.44
1.547,4.94,4.44
1.548,4.93,4.44
1.549,4.94,4.44
1.55,4.93,4.44
1.551,4.94,4.45
1.552,4.93,4.44
1.553,4.94,4.44
1.554,4.93,4.44
1.555,4.93,4.44
1.556,4.93,4.44
1.557,4.93,4.44
1.558,4.93,4.33
1.559,4.81,4.09
1.56,3.35,2.54
1.561,3.35,2.53
1.562,3.33,2.51
1.563,3.3,2.48
1.564,3.27,2.45
1.565,3.23,2.42
1.566,3.21,2.4
1.567,3.19,2.38
1.568,3.18,2.38
1.569,3.18,2.37
1.57,3.19,2.38
1.571,3.21,2.38
1.572,3.23,2.4
1.573,3.26,2.41
1.574,3.28,2.42
1.575,3.3,2.43
1.576,3.31,2.43
1.577,3.31,2.42
1.578,3.3,2.42
1.579,3.29,2.4
1.58,3.27,2.38
1.581,3.24,2.35
1.582,3.21,2.33
1.583,3.19,2.31
1.584,3.18,2.31
1.585,3.18,2.3
1.586,3.18,2.3
1.587,3.2,2.32
1.588,3.23,2.34
1.589,3.26,2.36
1.59,4.91,4.31
1.591,4.93,4.35
1.592,4.92,4.37
1.593,4.93,4.39
1.594,4.93,4.4
1.595,4.93,4.41
1.596,4.93,4.41
1.597,4.93,4.42
1.598,4.93,4.42
1.599,4.94,4.42
1.6,4.93,4.42
1.601,4.94,4.42
1.602,4.93,4.44
1.603,4.95,4.43
1.604,4.93,4.42
1.605,4.93,4.42
1.606,4.93,4.44
1.607,4.94,4.43
1.608,4.93,4.44
1.609,4.94,4.43
1.61,4.93,4.43
1.611,4.94,4.44
1.612,4.93,4.43
1.613,4.93,4.44
1.614,4.94,4.44
1.615,4.93,4.43
1.616,4.95,4.44
1.617,4.93,4.43
1.618,4.93,4.44
1.619,4.93,4.43
1.62,3.45,2.72
1.621,3.41,2.68
1.622,3.35,2.64
1.623,3.31,2.6
1.624,3.29,2.57
1.625,3.27,2.56
1.626,3.26,2.54
1.627,3.27,2.54
1.628,3.29,2.54
1.629,3.3,2.54
1.63,3.32,2.55
1.631,3.34,2.55
1.632,3.35,2.55
1.633,3.35,2.55
1.634,3.36,2.53
1.635,3.34,2.51
1.636,3.31,2.49
1.637,3.28,2.46
1.638,3.25,2.43
1.639,3.22,2.41
1.64,3.2,2.39
1.641,3.19,2.38
1.642,3.19,2.37
1.643,3.19,2.37
1.644,3.21,2.38
1.645,3.22,2.39
1.646,3.25,2.4
1.647,3.27,2.41
1.648,3.3,2.42
1.649,3.31,2.43
1.65,3.28,2.33
1.651,3.31,2.35
1.652,3.32,2.36
1.653,3.33,2.36
1.654,3.33,2.36
1.655,3.32,2.35
1.656,3.3,2.33
1.657,3.28,2.31
1.658,3.24,2.28
1.659,3.22,2.26
1.66,3.31,2.87
1.661,4.6,3.81
1.662,4.86,4.17
1.663,4.9,4.28
1.664,4.93,4.34
1.665,4.92,4.35
1.666,4.94,4.39
1.667,4.94,4.4
1.668,4.94,4.4
1.669,4.93,4.4
1.67,4.94,4.42
1.671,4.93,4.42
1.672,4.93,4.42
1.673,4.93,4.42
1.674,4.93,4.43
1.675,4.93,4.43
1.676,4.93,4.44
1.677,4.93,4.43
1.678,4.93,4.43
1.679,4.94,4.43
1.68,4.33,3.56
1.681,4.21,3.45
1.682,4.09,3.35
1.683,3.99,3.26
1.684,3.91,3.19
1.685,3.83,3.13
1.686,3.78,3.07
1.687,3.73,3.03
1.688,3.68,2.98
1.689,3.65,2.93
1.69,3.61,2.89
1.691,3.57,2.85
1.692,3.53,2.8
1.693,3.48,2.76
1.694,3.43,2.71
1.695,3.37,2.66
1.696,3.33,2.64
1.697,3.3,2.6
1.698,3.27,2.58
1.699,3.27,2.57
1.7,3.26,2.54
1.701,3.27,2.56
1.702,3.29,2.55
1.703,3.31,2.55
1.704,3.32,2.56
1.705,3.34,2.56
1.706,3.35,2.56
1.707,3.35,2.55
1.708,3.34,2.53
1.709,3.32,2.51
1.71,3.33,2.4
1.711,3.33,2.39
1.712,3.32,2.38
1.713,3.29,2.36
1.714,3.26,2.34
1.715,3.23,2.31
1.716,3.21,2.29
1.717,3.19,2.28
1.718,3.18,2.27
1.719,3.18,2.28
1.72,3.19,2.28
1.721,3.21,2.29
1.722,3.23,2.31
1.723,3.26,2.33
1.724,3.28,2.35
1.725,3.31,2.36
1.726,3.32,2.37
1.727,3.33,2.36
1.728,3.31,2.36
1.729,3.3,2.34
1.73,3.27,2.31
1.731,3.26,2.3
1.732,3.22,2.27
1.733,3.21,2.54
1.734,4.43,3.64
1.735,4.83,4.12
1.736,4.9,4.26
1.737,4.91,4.32
1.738,4.93,4.36
1.739,4.93,4.38
1.74,4.94,4.44
1.741,4.94,4.45
1.742,4.93,4.44
1.743,4.94,4.44
1.744,4.93,4.44
1.745,4.94,4.44
1.746,4.93,4.45
1.747,4.94,4.45
1.748,4.93,4.45
1.749,4.94,4.33
1.75,4.81,4.08
1.751,4.67,3.91
1.752,4.52,3.75
1.753,4.39,3.62
1.754,4.26,3.5
1.755,4.14,3.4
1.756,4.04,3.31
1.757,3.95,3.22
1.758,3.86,3.16
1.759,3.8,3.1
1.76,3.75,3.04
1.761,3.7,3.0
1.762,3.66,2.95
1.763,3.63,2.92
1.764,3.58,2.87
1.765,3.54,2.83
1.766,3.49,2.78
1.767,3.44,2.73
1.768,3.39,2.68
1.769,3.34,2.64
1.77,3.24,2.37
1.771,3.21,2.35
1.772,3.18,2.32
1.773,3.16,2.31
1.774,3.15,2.3
1.775,3.14,2.3
1.776,3.16,2.3
1.777,3.17,2.31
1.778,3.2,2.34
1.779,3.22,2.35
1.78,3.25,2.37
1.781,3.28,2.38
1.782,3.3,2.39
1.783,3.31,2.4
1.784,3.31,2.39
1.785,3.3,2.38
1.786,3.28,2.37
1.787,3.26,2.34
1.788,3.22,2.31
1.789,3.2,2.29
1.79,3.17,2.28
1.791,3.16,2.27
1.792,3.16,2.27
1.793,3.17,2.28
1.794,3.18,2.28
1.795,3.2,2.3
1.796,3.24,2.31
1.797,3.26,2.34
1.798,3.28,2.35
1.799,3.3,2.36
1.8,4.94,4.45
1.801,4.94,4.45
1.802,4.94,4.44
1.803,4.94,4.45
1.804,4.94,4.45
1.805,4.94,4.45
1.806,4.94,4.45
1.807,4.94,4.44
1.808,4.94,4.45
1.809,4.94,4.44
1.81,4.94,4.45
1.811,4.94,4.44
1.812,4.94,4.45
1.813,4.93,4.45
1.814,4.94,4.45
1.815,4.93,4.44
1.816,4.94,4.46
1.817,4.94,4.45
1.818,4.93,4.45
1.819,4.94,4.45
1.82,4.93,4.45
1.821,4.94,4.45
1.822,4.94,4.45
1.823,4.94,4.28
1.824,4.78,4.05
1.825,4.65,3.9
1.826,4.51,3.74
1.827,4.37,3.61
1.828,4.25,3.49
1.829,4.13,3.39
1.83,3.16,2.39
1.831,3.15,2.38
1.832,3.14,2.38
1.833,3.14,2.38
1.834,3.16,2.38
1.835,3.18,2.39
1.836,3.2,2.4
1.837,3.22,2.41
1.838,3.25,2.42
1.839,3.27,2.43
1.84,3.27,2.43
1.841,3.27,2.42
1.842,3.26,2.41
1.843,3.23,2.38
1.844,3.2,2.35
1.845,3.17,2.33
1.846,3.15,2.31
1.847,3.14,2.3
1.848,3.13,2.3
1.849,3.14,2.29
1.85,3.14,2.31
1.851,3.17,2.32
1.852,3.19,2.34
1.853,3.22,2.36
1.854,3.25,2.37
1.855,3.27,2.38
1.856,3.29,2.39
1.857,3.29,2.39
1.858,3.29,2.38
1.859,3.27,2.36
1.86,4.93,4.42
1.861,4.93,4.44
1.862,4.94,4.43
1.863,4.93,4.44
1.864,4.94,4.44
1.865,4.93,4.44
1.866,4.94,4.45
1.867,4.94,4.44
1.868,4.94,4.44
1.869,4.93,4.44
1.87,4.94,4.45
1.871,4.94,4.44
1.872,4.94,4.45
1.873,4.94,4.45
1.874,4.94,4.45
1.875,4.94,4.45
1.876,4.94,4.45
1.877,4.94,4.44
1.878,4.94,4.46
1.879,4.94,4.45
1.88,4.93,4.45
1.881,4.94,4.45
1.882,4.94,4.45
1.883,4.94,4.45
1.884,4.94,4.45
1.885,4.94,4.45
1.886,4.94,4.45
1.887,4.93,4.45
1.888,4.94,4.45
1.889,4.93,4.45
1.89,3.22,2.54
1.891,3.24,2.54
1.892,3.25,2.54
1.893,3.27,2.55
1.894,3.28,2.55
1.895,3.3,2.55
1.896,3.31,2.55
1.897,3.31,2.54
1.898,3.3,2.52
1.899,3.29,2.5
1.9,3.25,2.47
1.901,3.22,2.44
1.902,3.19,2.41
1.903,3.16,2.39
1.904,3.15,2.38
1.905,3.14,2.37
1.906,3.14,2.37
1.907,3.15,2.37
1.908,3.17,2.37
1.909,3.19,2.38
1.91,3.21,2.4
1.911,3.23,2.41
1.912,3.25,2.42
1.913,3.26,2.42
1.914,3.27,2.42
1.915,3.26,2.4
1.916,3.24,2.38
1.917,3.21,2.36
1.918,3.18,2.33
1.919,3.16,2.31
1.92,3.24,2.31
1.921,3.21,2.28
1.922,3.18,2.26
1.923,3.19,2.6
1.924,4.47,3.69
1.925,4.85,4.15
1.926,4.9,4.27
1.927,4.92,4.33
1.928,4.92,4.37
1.929,4.93,4.39
1.93,4.93,4.4
1.931,4.93,4.42
1.932,4.93,4.42
1.933,4.93,4.43
1.934,4.93,4.43
1.935,4.94,4.43
1.936,4.93,4.45
1.937,4.94,4.44
1.938,4.93,4.44
1.939,4.94,4.44
1.94,4.94,4.44
1.941,4.94,4.44
1.942,4.94,4.44
1.943,4.93,4.45
1.944,4.94,4.45
1.945,4.94,4.45
1.946,4.94,4.45
1.947,4.94,4.45
1.948,4.94,4.45
1.949,4.94,4.45
1.95,3.73,3.04
1.951,3.68,3.0
1.952,3.65,2.95
1.953,3.6,2.91
1.954,3.57,2.87
1.955,3.52,2.82
1.956,3.48,2.78
1.957,3.43,2.73
1.958,3.37,2.68
1.959,3.33,2.64
1.96,3.28,2.6
1.961,3.26,2.58
1.962,3.24,2.56
1.963,3.23,2.55
1.964,3.24,2.54
1.965,3.25,2.54
1.966,3.27,2.55
1.967,3.29,2.55
1.968,3.3,2.55
1.969,3.31,2.54
1.97,3.31,2.54
1.971,3.31,2.52
1.972,3.29,2.5
1.973,3.27,2.48
1.974,3.24,2.45
1.975,3.21,2.42
1.976,3.18,2.4
1.977,3.15,2.38
1.978,3.15,2.37
1.979,3.14,2.36
1.98,3.16,2.27
1.981,3.15,2.26
1.982,3.15,2.26
1.983,3.16,2.26
1.984,3.17,2.27
1.985,3.2,2.29
1.986,3.22,2.3
1.987,3.24,2.34
1.988,3.27,2.34
1.989,3.29,2.35
1.99,3.29,2.35
1.991,3.29,2.34
1.992,3.28,2.33
1.993,3.26,2.31
1.994,3.23,2.28
1.995,3.2,2.26
1.996,3.18,2.26
1.997,3.68,3.16
1.998,4.71,3.95
1.999,4.88,4.21
2.0,4.91,4.3
2.001,4.92,4.35
2.002,4.93,4.38
2.003,4.93,4.4
2.004,4.93,4.41
2.005,4.93,4.41
2.006,4.93,4.42
2.007,4.94,4.43
2.008,4.93,4.43
2.009,4.94,4.43
2.01,4.93,4.45
2.011,4.94,4.44
2.012,4.93,4.44
2.013,4.93,4.35
2.014,4.82,4.1
2.015,4.67,3.92
2.016,4.53,3.77
2.017,4.4,3.63
2.018,4.25,3.5
2.019,4.16,3.41
2.02,4.04,3.32
2.021,3.95,3.23
2.022,3.87,3.17
2.023,3.81,3.11
2.024,3.75,3.05
2.025,3.7,3.0
2.026,3.66,2.96
2.027,3.61,2.91
2.028,3.57,2.87
2.029,3.53,2.81
2.03,3.47,2.77
2.031,3.42,2.72
2.032,3.36,2.67
2.033,3.32,2.64
2.034,3.29,2.6
2.035,3.27,2.58
2.036,3.25,2.56
2.037,3.24,2.56
2.038,3.27,2.55
2.039,3.27,2.55
2.04,3.15,2.3
2.041,3.18,2.32
2.042,3.2,2.34
2.043,3.23,2.35
2.044,3.26,2.37
2.045,3.28,2.38
2.046,3.29,2.38
2.047,3.31,2.39
2.048,3.29,2.37
2.049,3.28,2.37
2.05,3.26,2.34
2.051,3.22,2.32
2.052,3.2,2.3
2.053,3.18,2.28
2.054,3.16,2.26
2.055,3.16,2.26
2.056,3.15,2.26
2.057,3.17,2.27
2.058,3.19,2.29
2.059,3.22,2.3
2.06,3.23,2.32
2.061,3.26,2.34
2.062,3.28,2.34
2.063,3.29,2.35
2.064,3.3,2.35
2.065,3.29,2.34
2.066,3.27,2.32
2.067,3.24,2.3
2.068,3.21,2.27
2.069,3.18,2.26
2.07,4.93,4.44
2.071,4.94,4.45
2.072,4.93,4.44
2.073,4.94,4.44
2.074,4.94,4.45
2.075,4.93,4.44
2.076,4.93,4.44
2.077,4.93,4.43
2.078,4.93,4.45
2.079,4.94,4.45
2.08,4.93,4.45
2.081,4.94,4.45
2.082,4.93,4.45
2.083,4.94,4.45
2.084,4.94,4.44
2.085,4.93,4.44
2.086,4.94,4.46
2.087,4.87,4.17
2.088,4.73,3.99
2.089,4.59,3.82
2.09,4.45,3.68
2.091,4.32,3.56
2.092,4.2,3.45
2.093,4.08,3.34
2.094,3.99,3.27
2.095,3.9,3.19
2.096,3.83,3.13
2.097,3.78,3.07
2.098,3.73,3.02
2.099,3.68,2.98
2.1,3.22,2.4
2.101,3.25,2.42
2.102,3.27,2.42
2.103,3.28,2.42
2.104,3.28,2.42
2.105,3.27,2.41
2.106,3.26,2.39
2.107,3.23,2.36
2.108,3.19,2.34
2.109,3.17,2.31
2.11,3.15,2.3
2.111,3.14,2.29
2.112,3.14,2.29
2.113,3.15,2.29
2.114,3.17,2.31
2.115,3.21,2.33
2.116,3.22,2.34
2.117,3.26,2.37
2.118,3.28,2.37
2.119,3.29,2.39
2.12,3.31,2.39
2.121,3.31,2.39
2.122,3.29,2.37
2.123,3.28,2.35
2.124,3.24,2.32
2.125,3.21,2.3
2.126,3.18,2.28
2.127,3.17,2.27
2.128,3.16,2.26
2.129,3.16,2.26
2.13,4.93,4.44
2.131,4.93,4.43
2.132,4.93,4.44
2.133,4.93,4.44
2.134,4.94,4.44
2.135,4.93,4.44
2.136,4.94,4.44
2.137,4.93,4.44
2.138,4.94,4.44
2.139,4.93,4.44
2.14,4.93,4.44
2.141,4.93,4.44
2.142,4.93,4.44
2.143,4.94,4.44
2.144,4.93,4.44
2.145,4.93,4.44
2.146,4.94,4.45
2.147,4.94,4.44
2.148,4.93,4.44
2.149,4.95,4.45
2.15,4.94,4.44
2.151,4.94,4.45
2.152,4.94,4.45
2.153,4.94,4.45
2.154,4.94,4.45
2.155,4.93,4.44
2.156,4.93,4.44
2.157,4.93,4.44
2.158,4.93,4.44
2.159,4.94,4.44
2.16,3.33,2.55
2.161,3.32,2.53
2.162,3.31,2.51
2.163,3.28,2.49
2.164,3.25,2.45
2.165,3.22,2.43
2.166,3.19,2.4
2.167,3.17,2.39
2.168,3.16,2.37
2.169,3.16,2.37
2.17,3.16,2.37
2.171,3.18,2.38
2.172,3.2,2.39
2.173,3.22,2.4
2.174,3.25,2.41
2.175,3.27,2.42
2.176,3.28,2.43
2.177,3.29,2.42
2.178,3.28,2.41
2.179,3.27,2.4
2.18,3.24,2.37
2.181,3.22,2.35
2.182,3.18,2.32
2.183,3.16,2.3
2.184,3.15,2.29
2.185,3.14,2.29
2.186,3.15,2.3
2.187,3.17,2.31
2.188,3.19,2.32
2.189,3.21,2.34
2.19,4.91,4.3
2.191,4.93,4.35
2.192,4.93,4.37
2.193,4.93,4.39
2.194,4.93,4.4
2.195,4.93,4.41
2.196,4.93,4.41
2.197,4.93,4.42
2.198,4.93,4.42
2.199,4.94,4.43
2.2,4.93,4.42
2.201,4.93,4.42
2.202,4.92,4.42
2.203,4.93,4.43
2.204,4.93,4.43
2.205,4.93,4.42
2.206,4.93,4.44
2.207,4.93,4.43
2.208,4.92,4.43
2.209,4.93,4.43
2.21,4.93,4.43
2.211,4.92,4.44
2.212,4.94,4.44
2.213,4.92,4.43
2.214,4.93,4.44
2.215,4.93,4.44
2.216,4.93,4.44
2.217,4.93,4.44
2.218,4.93,4.44
2.219,4.93,4.43
2.22,3.48,2.77
2.221,3.42,2.72
2.222,3.37,2.67
2.223,3.33,2.64
2.224,3.29,2.61
2.225,3.27,2.58
2.226,3.26,2.56
2.227,3.26,2.55
2.228,3.27,2.55
2.229,3.28,2.56
2.23,3.3,2.55
2.231,3.31,2.56
2.232,3.32,2.56
2.233,3.33,2.55
2.234,3.33,2.54
2.235,3.32,2.52
2.236,3.3,2.5
2.237,3.27,2.47
2.238,3.23,2.44
2.239,3.2,2.41
2.24,3.17,2.39
2.241,3.16,2.38
2.242,3.15,2.37
2.243,3.16,2.37
2.244,3.17,2.37
2.245,3.19,2.39
2.246,3.21,2.39
2.247,3.23,2.41
2.248,3.26,2.42
2.249,3.28,2.42
2.25,3.25,2.32
2.251,3.27,2.34
2.252,3.29,2.35
2.253,3.3,2.35
2.254,3.31,2.35
2.255,3.3,2.34
2.256,3.28,2.32
2.257,3.25,2.3
2.258,3.25,2.71
2.259,4.52,3.73
2.26,4.84,4.15
2.261,4.9,4.27
2.262,4.91,4.33
2.263,4.92,4.36
2.264,4.92,4.38
2.265,4.92,4.39
2.266,4.93,4.41
2.267,4.93,4.4
2.268,4.92,4.42
2.269,4.93,4.42
2.27,4.92,4.42
2.271,4.93,4.42
2.272,4.92,4.42
2.273,4.93,4.42
2.274,4.93,4.43
2.275,4.93,4.42
2.276,4.93,4.44
2.277,4.93,4.42
2.278,4.92,4.43
2.279,4.93,4.43
2.28,4.07,3.33
2.281,3.97,3.24
2.282,3.87,3.16
2.283,3.79,3.09
2.284,3.73,3.03
2.285,3.67,2.98
2.286,3.63,2.94
2.287,3.59,2.91
2.288,3.57,2.87
2.289,3.54,2.84
2.29,3.52,2.81
2.291,3.49,2.77
2.292,3.45,2.74
2.293,3.41,2.69
2.294,3.37,2.65
2.295,3.32,2.61
2.296,3.29,2.58
2.297,3.26,2.54
2.298,3.23,2.52
2.299,3.22,2.51
2.3,3.22,2.51
2.301,3.23,2.51
2.302,3.25,2.51
2.303,3.27,2.51
2.304,3.29,2.52
2.305,3.31,2.52
2.306,3.32,2.52
2.307,3.32,2.51
2.308,3.31,2.5
2.309,3.31,2.49
2.31,3.31,2.39
2.311,3.33,2.38
2.312,3.3,2.37
2.313,3.29,2.35
2.314,3.26,2.32
2.315,3.23,2.3
2.316,3.2,2.28
2.317,3.18,2.27
2.318,3.17,2.26
2.319,3.18,2.26
2.32,3.18,2.26
2.321,3.2,2.28
2.322,3.22,2.29
2.323,3.25,2.31
2.324,3.27,2.33
2.325,3.3,2.34
2.326,3.31,2.35
2.327,3.32,2.35
2.328,3.31,2.35
2.329,3.3,2.33
2.33,3.27,2.31
2.331,3.25,2.29
2.332,3.22,2.26
2.333,3.19,2.25
2.334,3.18,2.25
2.335,3.72,3.17
2.336,4.72,3.95
2.337,4.88,4.21
2.338,4.91,4.3
2.339,4.92,4.34
2.34,4.94,4.44
2.341,4.94,4.44
2.342,4.93,4.44
2.343,4.94,4.45
2.344,4.95,4.44
2.345,4.93,4.44
2.346,4.94,4.44
2.347,4.94,4.44
2.348,4.93,4.46
2.349,4.94,4.44
2.35,4.93,4.44
2.351,4.93,4.44
2.352,4.94,4.38
2.353,4.83,4.11
2.354,4.68,3.93
2.355,4.54,3.77
2.356,4.42,3.65
2.357,4.29,3.53
2.358,4.18,3.43
2.359,4.08,3.33
2.36,3.98,3.26
2.361,3.92,3.19
2.362,3.85,3.13
2.363,3.79,3.07
2.364,3.73,3.02
2.365,3.67,2.96
2.366,3.61,2.9
2.367,3.55,2.84
2.368,3.49,2.79
2.369,3.44,2.74
2.37,3.26,2.39
2.371,3.23,2.36
2.372,3.2,2.34
2.373,3.17,2.32
2.374,3.16,2.3
2.375,3.15,2.3
2.376,3.16,2.31
2.377,3.17,2.32
2.378,3.2,2.33
2.379,3.22,2.35
2.38,3.25,2.36
2.381,3.28,2.39
2.382,3.3,2.39
2.383,3.32,2.4
2.384,3.32,2.4
2.385,3.31,2.38
2.386,3.3,2.37
2.387,3.28,2.35
2.388,3.24,2.32
2.389,3.21,2.3
2.39,3.19,2.29
2.391,3.18,2.28
2.392,3.18,2.27
2.393,3.18,2.28
2.394,3.2,2.29
2.395,3.21,2.3
2.396,3.24,2.32
2.397,3.26,2.33
2.398,3.29,2.35
2.399,3.3,2.36
2.4,4.93,4.43
2.401,4.94,4.45
2.402,4.94,4.44
2.403,4.93,4.44
2.404,4.94,4.44
2.405,4.93,4.44
2.406,4.95,4.45
2.407,4.95,4.44
2.408,4.94,4.44
2.409,4.94,4.44
2.41,4.94,4.44
2.411,4.94,4.44
2.412,4.94,4.44
2.413,4.93,4.44
2.414,4.94,4.44
2.415,4.93,4.44
2.416,4.93,4.45
2.417,4.94,4.44
2.418,4.93,4.44
2.419,4.94,4.44
2.42,4.93,4.44
2.421,4.94,4.44
2.422,4.93,4.44
2.423,4.93,4.44
2.424,4.94,4.45
2.425,4.93,4.44
2.426,4.9,4.21
2.427,4.75,4.0
2.428,4.6,3.84
2.429,4.47,3.7
2.43,3.2,2.42
2.431,3.18,2.4
2.432,3.18,2.39
2.433,3.18,2.39
2.434,3.19,2.4
2.435,3.21,2.4
2.436,3.23,2.42
2.437,3.26,2.42
2.438,3.28,2.44
2.439,3.3,2.44
2.44,3.3,2.44
2.441,3.3,2.44
2.442,3.3,2.42
2.443,3.28,2.4
2.444,3.25,2.38
2.445,3.22,2.35
2.446,3.19,2.34
2.447,3.17,2.31
2.448,3.16,2.31
2.449,3.17,2.31
2.45,3.18,2.32
2.451,3.2,2.33
2.452,3.22,2.35
2.453,3.25,2.37
2.454,3.28,2.38
2.455,3.3,2.39
2.456,3.32,2.4
2.457,3.33,2.4
2.458,3.33,2.4
2.459,3.31,2.38
2.46,4.93,4.41
2.461,4.93,4.41
2.462,4.93,4.42
2.463,4.93,4.42
2.464,4.93,4.42
2.465,4.93,4.42
2.466,4.93,4.44
2.467,4.94,4.43
2.468,4.93,4.43
2.469,4.94,4.43
2.47,4.93,4.42
2.471,4.94,4.44
2.472,4.95,4.44
2.473,4.93,4.43
2.474,4.93,4.44
2.475,4.94,4.44
2.476,4.93,4.45
2.477,4.95,4.44
2.478,4.93,4.44
2.479,4.94,4.44
2.48,4.93,4.44
2.481,4.94,4.44
2.482,4.94,4.44
2.483,4.94,4.44
2.484,4.94,4.44
2.485,4.94,4.44
2.486,4.94,4.44
2.487,4.94,4.44
2.488,4.93,4.44
2.489,4.94,4.44
2.49,3.37,2.69
2.491,3.37,2.67
2.492,3.36,2.67
2.493,3.37,2.65
2.494,3.38,2.65
2.495,3.39,2.65
2.496,3.39,2.64
2.497,3.39,2.62
2.498,3.37,2.6
2.499,3.36,2.58
2.5,3.32,2.54
2.501,3.3,2.52
2.502,3.26,2.48
2.503,3.22,2.46
2.504,3.2,2.44
2.505,3.19,2.42
2.506,3.19,2.42
2.507,3.2,2.42
2.508,3.2,2.42
2.509,3.23,2.43
2.51,3.25,2.44
2.511,3.28,2.46
2.512,3.3,2.46
2.513,3.31,2.46
2.514,3.31,2.46
2.515,3.3,2.44
2.516,3.29,2.43
2.517,3.26,2.4
2.518,3.23,2.38
2.519,3.2,2.35
2.52,3.28,2.33
2.521,3.26,2.31
2.522,3.23,2.28
2.523,3.2,2.27
2.524,3.21,2.69
2.525,4.51,3.72
2.526,4.85,4.14
2.527,4.9,4.26
2.528,4.91,4.33
2.529,4.93,4.36
2.53,4.93,4.37
2.531,4.93,4.4
2.532,4.93,4.39
2.533,4.92,4.42
2.534,4.94,4.42
2.535,4.93,4.41
2.536,4.93,4.43
2.537,4.93,4.42
2.538,4.93,4.42
2.539,4.93,4.43
2.54,4.93,4.43
2.541,4.93,4.42
2.542,4.93,4.42
2.543,4.93,4.43
2.544,4.94,4.43
2.545,4.93,4.44
2.546,4.94,4.44
2.547,4.93,4.44
2.548,4.94,4.44
2.549,4.94,4.44
2.55,3.92,3.2
2.551,3.85,3.14
2.552,3.8,3.08
2.553,3.74,3.02
2.554,3.69,2.97
2.555,3.64,2.92
2.556,3.59,2.87
2.557,3.53,2.82
2.558,3.47,2.76
2.559,3.42,2.71
2.56,3.37,2.68
2.561,3.33,2.64
2.562,3.31,2.62
2.563,3.3,2.6
2.564,3.3,2.6
2.565,3.3,2.58
2.566,3.31,2.59
2.567,3.33,2.58
2.568,3.35,2.59
2.569,3.36,2.58
2.57,3.36,2.58
2.571,3.35,2.56
2.572,3.34,2.55
2.573,3.32,2.52
2.574,3.29,2.49
2.575,3.25,2.45
2.576,3.22,2.43
2.577,3.2,2.41
2.578,3.18,2.4
2.579,3.18,2.39
2.58,3.2,2.29
2.581,3.19,2.28
2.582,3.19,2.28
2.583,3.19,2.28
2.584,3.21,2.29
2.585,3.22,2.3
2.586,3.25,2.32
2.587,3.27,2.34
2.588,3.3,2.35
2.589,3.31,2.37
2.59,3.33,2.37
2.591,3.33,2.37
2.592,3.32,2.35
2.593,3.3,2.33
2.594,3.27,2.31
2.595,3.24,2.28
2.596,3.22,2.27
2.597,3.2,2.25
2.598,3.21,2.65
2.599,4.51,3.71
2.6,4.84,4.13
2.601,4.9,4.26
2.602,4.91,4.32
2.603,4.93,4.36
2.604,4.92,4.37
2.605,4.93,4.39
2.606,4.93,4.4
2.607,4.93,4.41
2.608,4.93,4.41
2.609,4.93,4.42
2.61,4.93,4.44
2.611,4.93,4.44
2.612,4.93,4.44
2.613,4.93,4.44
2.614,4.93,4.44
2.615,4.93,4.44
2.616,4.85,4.14
2.617,4.71,3.95
2.618,4.57,3.8
2.619,4.43,3.66
2.62,4.31,3.55
2.621,4.2,3.44
2.622,4.09,3.35
2.623,4.0,3.27
2.624,3.93,3.2
2.625,3.86,3.14
2.626,3.8,3.09
2.627,3.75,3.03
2.628,3.68,2.97
2.629,3.64,2.92
2.63,3.57,2.85
2.631,3.53,2.81
2.632,3.45,2.75
2.633,3.4,2.71
2.634,3.36,2.67
2.635,3.33,2.64
2.636,3.31,2.62
2.637,3.3,2.6
2.638,3.31,2.6
2.639,3.32,2.6
2.64,3.18,2.32
2.641,3.2,2.33
2.642,3.22,2.35
2.643,3.25,2.37
2.644,3.28,2.38
2.645,3.31,2.4
2.646,3.32,2.4
2.647,3.33,2.41
2.648,3.33,2.4
2.649,3.32,2.39
2.65,3.29,2.37
2.651,3.27,2.34
2.652,3.23,2.31
2.653,3.21,2.3
2.654,3.19,2.29
2.655,3.18,2.28
2.656,3.19,2.29
2.657,3.2,2.29
2.658,3.21,2.3
2.659,3.24,2.31
2.66,3.26,2.34
2.661,3.29,2.35
2.662,3.31,2.36
2.663,3.32,2.38
2.664,3.34,2.37
2.665,3.32,2.36
2.666,3.31,2.35
2.667,3.28,2.32
2.668,3.25,2.3
2.669,3.22,2.28
2.67,4.93,4.44
2.671,4.94,4.44
2.672,4.94,4.44
2.673,4.94,4.44
2.674,4.93,4.43
2.675,4.93,4.44
2.676,4.93,4.44
2.677,4.93,4.44
2.678,4.93,4.43
2.679,4.93,4.44
2.68,4.93,4.43
2.681,4.93,4.44
2.682,4.93,4.44
2.683,4.93,4.44
2.684,4.93,4.44
2.685,4.94,4.44
2.686,4.93,4.44
2.687,4.94,4.43
2.688,4.93,4.44
2.689,4.93,4.26
2.69,4.78,4.04
2.691,4.64,3.87
2.692,4.5,3.72
2.693,4.37,3.61
2.694,4.26,3.49
2.695,4.14,3.39
2.696,4.05,3.31
2.697,3.97,3.23
2.698,3.89,3.17
2.699,3.83,3.11
2.7,3.26,2.43
2.701,3.28,2.44
2.702,3.3,2.45
2.703,3.31,2.45
2.704,3.31,2.44
2.705,3.31,2.44
2.706,3.3,2.42
2.707,3.27,2.4
2.708,3.24,2.37
2.709,3.21,2.35
2.71,3.19,2.32
2.711,3.17,2.31
2.712,3.17,2.32
2.713,3.18,2.32
2.714,3.19,2.33
2.715,3.22,2.34
2.716,3.24,2.37
2.717,3.28,2.37
2.718,3.29,2.39
2.719,3.33,2.41
2.72,3.33,2.41
2.721,3.34,2.41
2.722,3.33,2.4
2.723,3.31,2.38
2.724,3.28,2.36
2.725,3.26,2.33
2.726,3.22,2.31
2.727,3.21,2.3
2.728,3.19,2.29
2.729,3.19,2.28
2.73,4.93,4.42
2.731,4.94,4.43
2.732,4.94,4.44
2.733,4.93,4.43
2.734,4.94,4.43
2.735,4.93,4.43
2.736,4.94,4.44
2.737,4.93,4.44
2.738,4.94,4.44
2.739,4.94,4.44
2.74,4.94,4.44
2.741,4.94,4.44
2.742,4.94,4.44
2.743,4.94,4.45
2.744,4.94,4.44
2.745,4.94,4.43
2.746,4.93,4.45
2.747,4.94,4.43
2.748,4.93,4.44
2.749,4.94,4.43
2.75,4.93,4.43
2.751,4.94,4.44
2.752,4.93,4.44
2.753,4.93,4.44
2.754,4.93,4.44
2.755,4.93,4.44
2.756,4.93,4.44
2.757,4.93,4.44
2.758,4.93,4.44
2.759,4.94,4.44
2.76,3.37,2.58
2.761,3.37,2.57
2.762,3.35,2.55
2.763,3.34,2.54
2.764,3.3,2.5
2.765,3.27,2.47
2.766,3.24,2.44
2.767,3.21,2.42
2.768,3.2,2.41
2.769,3.19,2.4
2.77,3.2,2.4
2.771,3.21,2.4
2.772,3.23,2.42
2.773,3.26,2.43
2.774,3.27,2.44
2.775,3.3,2.45
2.776,3.31,2.46
2.777,3.32,2.45
2.778,3.32,2.44
2.779,3.31,2.43
2.78,3.29,2.41
2.781,3.26,2.38
2.782,3.22,2.35
2.783,3.2,2.33
2.784,3.18,2.32
2.785,3.17,2.32
2.786,3.18,2.31
2.787,3.19,2.32
2.788,3.21,2.35
2.789,3.24,2.36
2.79,4.77,4.05
2.791,4.89,4.23
2.792,4.91,4.3
2.793,4.92,4.35
2.794,4.92,4.36
2.795,4.93,4.39
2.796,4.93,4.39
2.797,4.93,4.4
2.798,4.93,4.41
2.799,4.94,4.42
2.8,4.93,4.42
2.801,4.93,4.42
2.802,4.94,4.43
2.803,4.94,4.42
2.804,4.93,4.43
2.805,4.93,4.43
2.806,4.93,4.44
2.807,4.94,4.43
2.808,4.93,4.43
2.809,4.94,4.43
2.81,4.94,4.43
2.811,4.93,4.44
2.812,4.94,4.43
2.813,4.93,4.44
2.814,4.94,4.44
2.815,4.94,4.44
2.816,4.94,4.44
2.817,4.94,4.44
2.818,4.93,4.43
2.819,4.93,4.43
2.82,3.57,2.85
2.821,3.52,2.8
2.822,3.46,2.74
2.823,3.4,2.71
2.824,3.37,2.67
2.825,3.35,2.64
2.826,3.32,2.61
2.827,3.31,2.61
2.828,3.32,2.6
2.829,3.32,2.6
2.83,3.34,2.6
2.831,3.36,2.6
2.832,3.37,2.6
2.833,3.38,2.59
2.834,3.38,2.59
2.835,3.37,2.57
2.836,3.35,2.55
2.837,3.33,2.51
2.838,3.29,2.48
2.839,3.26,2.46
2.84,3.23,2.43
2.841,3.21,2.42
2.842,3.2,2.41
2.843,3.2,2.4
2.844,3.22,2.41
2.845,3.23,2.41
2.846,3.25,2.42
2.847,3.27,2.44
2.848,3.3,2.45
2.849,3.32,2.46
2.85,3.28,2.35
2.851,3.31,2.36
2.852,3.33,2.37
2.853,3.34,2.38
2.854,3.35,2.38
2.855,3.35,2.37
2.856,3.33,2.36
2.857,3.31,2.34
2.858,3.28,2.31
2.859,3.24,2.28
2.86,3.22,2.28
2.861,3.21,2.26
2.862,3.6,3.08
2.863,4.67,3.9
2.864,4.87,4.19
2.865,4.91,4.28
2.866,4.92,4.34
2.867,4.92,4.36
2.868,4.93,4.39
2.869,4.93,4.39
2.87,4.93,4.4
2.871,4.93,4.4
2.872,4.94,4.41
2.873,4.93,4.41
2.874,4.93,4.42
2.875,4.93,4.42
2.876,4.93,4.42
2.877,4.94,4.42
2.878,4.93,4.43
2.879,4.94,4.42
2.88,4.65,3.89
2.881,4.52,3.74
2.882,4.39,3.61
2.883,4.26,3.5
2.884,4.16,3.4
2.885,4.05,3.31
2.886,3.97,3.24
2.887,3.9,3.17
2.888,3.84,3.12
2.889,3.79,3.06
2.89,3.74,3.01
2.891,3.69,2.96
2.892,3.64,2.92
2.893,3.59,2.86
2.894,3.53,2.8
2.895,3.47,2.75
2.896,3.42,2.71
2.897,3.38,2.67
2.898,3.34,2.64
2.899,3.33,2.62
2.9,3.32,2.61
2.901,3.32,2.6
2.902,3.33,2.6
2.903,3.35,2.6
2.904,3.36,2.6
2.905,3.38,2.6
2.906,3.39,2.6
2.907,3.39,2.59
2.908,3.38,2.58
2.909,3.37,2.56
2.91,3.36,2.43
2.911,3.36,2.43
2.912,3.36,2.42
2.913,3.34,2.4
2.914,3.31,2.37
2.915,3.28,2.35
2.916,3.26,2.33
2.917,3.23,2.31
2.918,3.22,2.3
2.919,3.22,2.3
2.92,3.22,2.31
2.921,3.24,2.31
2.922,3.26,2.33
2.923,3.28,2.35
2.924,3.31,2.37
2.925,3.34,2.38
2.926,3.35,2.39
2.927,3.36,2.39
2.928,3.36,2.39
2.929,3.35,2.37
2.93,3.32,2.36
2.931,3.3,2.33
2.932,3.26,2.31
2.933,3.24,2.29
2.934,3.22,2.28
2.935,3.37,2.92
2.936,4.62,3.83
2.937,4.86,4.16
2.938,4.9,4.27
2.939,4.92,4.33
2.94,4.93,4.43
2.941,4.93,4.43
2.942,4.93,4.43
2.943,4.94,4.44
2.944,4.93,4.44
2.945,4.94,4.44
2.946,4.94,4.44
2.947,4.94,4.44
2.948,4.93,4.44
2.949,4.94,4.44
2.95,4.93,4.43
2.951,4.93,4.43
2.952,4.94,4.43
2.953,4.93,4.44
2.954,4.93,4.43
2.955,4.94,4.43
2.956,4.93,4.3
2.957,4.81,4.08
2.958,4.67,3.9
2.959,4.53,3.76
2.96,4.4,3.63
2.961,4.29,3.53
2.962,4.19,3.43
2.963,4.1,3.34
2.964,4.01,3.26
2.965,3.93,3.19
2.966,3.84,3.11
2.967,3.77,3.04
2.968,3.69,2.97
2.969,3.62,2.9
2.97,3.31,2.44
2.971,3.29,2.41
2.972,3.25,2.39
2.973,3.22,2.37
2.974,3.21,2.35
2.975,3.2,2.35
2.976,3.2,2.35
2.977,3.21,2.36
2.978,3.24,2.37
2.979,3.27,2.39
2.98,3.29,2.4
2.981,3.32,2.42
2.982,3.35,2.43
2.983,3.36,2.44
2.984,3.37,2.44
2.985,3.36,2.43
2.986,3.35,2.42
2.987,3.33,2.4
2.988,3.29,2.37
2.989,3.27,2.35
2.99,3.23,2.32
2.991,3.22,2.31
2.992,3.22,2.31
2.993,3.22,2.31
2.994,3.23,2.32
2.995,3.25,2.33
2.996,3.28,2.35
2.997,3.3,2.37
2.998,3.33,2.38
2.999,3.35,2.39
3.0,4.93,4.42
3.001,4.94,4.44
3.002,4.94,4.42
3.003,4.93,4.43
3.004,4.94,4.43
3.005,4.93,4.43
3.006,4.93,4.42
3.007,4.93,4.42
3.008,4.93,4.43
3.009,4.94,4.43
3.01,4.93,4.42
3.011,4.94,4.42
3.012,4.93,4.42
3.013,4.93,4.43
3.014,4.94,4.43
3.015,4.94,4.43
3.016,4.93,4.44
3.017,4.94,4.43
3.018,4.93,4.43
3.019,4.94,4.44
3.02,4.93,4.43
3.021,4.93,4.44
3.022,4.93,4.42
3.023,4.94,4.44
3.024,4.94,4.44
3.025,4.94,4.43
3.026,4.85,4.14
3.027,4.7,3.95
3.028,4.57,3.79
3.029,4.43,3.65
3.03,3.25,2.45
3.031,3.23,2.43
3.032,3.22,2.42
3.033,3.22,2.41
3.034,3.22,2.41
3.035,3.23,2.43
3.036,3.27,2.44
3.037,3.29,2.45
3.038,3.31,2.46
3.039,3.33,2.47
3.04,3.34,2.47
3.041,3.34,2.46
3.042,3.33,2.45
3.043,3.32,2.43
3.044,3.29,2.4
3.045,3.26,2.38
3.046,3.23,2.36
3.047,3.21,2.34
3.048,3.2,2.33
3.049,3.2,2.34
3.05,3.21,2.34
3.051,3.24,2.35
3.052,3.26,2.37
3.053,3.28,2.39
3.054,3.31,2.4
3.055,3.33,2.42
3.056,3.36,2.43
3.057,3.38,2.43
3.058,3.36,2.42
3.059,3.36,2.42
3.06,4.92,4.39
3.061,4.93,4.4
3.062,4.93,4.4
3.063,4.94,4.41
3.064,4.94,4.41
3.065,4.93,4.41
3.066,4.93,4.42
3.067,4.94,4.42
3.068,4.93,4.42
3.069,4.93,4.42
3.07,4.94,4.42
3.071,4.93,4.42
3.072,4.93,4.42
3.073,4.92,4.42
3.074,4.94,4.42
3.075,4.93,4.42
3.076,4.94,4.44
3.077,4.93,4.42
3.078,4.92,4.43
3.079,4.94,4.42
3.08,4.92,4.42
3.081,4.93,4.42
3.082,4.93,4.42
3.083,4.93,4.42
3.084,4.93,4.42
3.085,4.93,4.43
3.086,4.93,4.42
3.087,4.93,4.43
3.088,4.93,4.42
3.089,4.93,4.43
3.09,3.33,2.61
3.091,3.32,2.6
3.092,3.34,2.61
3.093,3.35,2.61
3.094,3.38,2.61
3.095,3.39,2.61
3.096,3.41,2.61
3.097,3.41,2.6
3.098,3.4,2.58
3.099,3.39,2.56
3.1,3.36,2.54
3.101,3.32,2.51
3.102,3.29,2.48
3.103,3.27,2.45
3.104,3.24,2.43
3.105,3.23,2.42
3.106,3.22,2.42
3.107,3.23,2.41
3.108,3.24,2.42
3.109,3.26,2.43
3.11,3.29,2.44
3.111,3.31,2.45
3.112,3.33,2.46
3.113,3.34,2.47
3.114,3.35,2.46
3.115,3.34,2.46
3.116,3.34,2.44
3.117,3.31,2.42
3.118,3.29,2.39
3.119,3.24,2.36
3.12,3.33,2.36
3.121,3.32,2.34
3.122,3.28,2.31
3.123,3.26,2.3
3.124,3.24,2.29
3.125,3.61,3.08
3.126,4.68,3.89
3.127,4.87,4.18
3.128,4.91,4.29
3.129,4.93,4.33
3.13,4.92,4.36
3.131,4.93,4.37
3.132,4.93,4.38
3.133,4.93,4.4
3.134,4.93,4.4
3.135,4.93,4.41
3.136,4.93,4.41
3.137,4.94,4.41
3.138,4.93,4.42
3.139,4.94,4.42
3.14,4.93,4.41
3.141,4.94,4.42
3.142,4.94,4.42
3.143,4.93,4.42
3.144,4.94,4.43
3.145,4.93,4.42
3.146,4.94,4.42
3.147,4.93,4.42
3.148,4.93,4.42
3.149,4.93,4.42
3.15,3.94,3.21
3.151,3.88,3.15
3.152,3.82,3.09
3.153,3.78,3.05
3.154,3.73,3.0
3.155,3.67,2.95
3.156,3.62,2.89
3.157,3.57,2.84
3.158,3.51,2.79
3.159,3.46,2.74
3.16,3.42,2.7
3.161,3.38,2.66
3.162,3.35,2.64
3.163,3.33,2.62
3.164,3.33,2.61
3.165,3.34,2.61
3.166,3.35,2.61
3.167,3.37,2.61
3.168,3.39,2.62
3.169,3.4,2.61
3.17,3.4,2.61
3.171,3.4,2.59
3.172,3.39,2.57
3.173,3.37,2.55
3.174,3.34,2.52
3.175,3.31,2.49
3.176,3.28,2.47
3.177,3.25,2.44
3.178,3.23,2.43
3.179,3.23,2.42
3.18,3.26,2.33
3.181,3.24,2.31
3.182,3.23,2.31
3.183,3.23,2.31
3.184,3.24,2.32
3.185,3.28,2.34
3.186,3.29,2.35
3.187,3.31,2.37
3.188,3.34,2.38
3.189,3.35,2.39
3.19,3.36,2.4
3.191,3.37,2.4
3.192,3.36,2.39
3.193,3.35,2.37
3.194,3.32,2.35
3.195,3.3,2.32
3.196,3.27,2.31
3.197,3.25,2.29
3.198,3.26,2.63
3.199,4.47,3.67
3.2,4.83,4.11
3.201,4.9,4.25
3.202,4.91,4.31
3.203,4.92,4.34
3.204,4.93,4.36
3.205,4.93,4.38
3.206,4.93,4.39
3.207,4.93,4.4
3.208,4.93,4.4
3.209,4.93,4.41
3.21,4.93,4.43
3.211,4.93,4.43
3.212,4.93,4.42
3.213,4.93,4.42
3.214,4.94,4.43
3.215,4.93,4.42
3.216,4.87,4.17
3.217,4.73,3.97
3.218,4.58,3.8
3.219,4.45,3.67
3.22,4.32,3.55
3.221,4.21,3.45
3.222,4.11,3.35
3.223,4.02,3.28
3.224,3.95,3.21
3.225,3.88,3.15
3.226,3.82,3.09
3.227,3.78,3.04
3.228,3.72,2.98
3.229,3.67,2.94
3.23,3.61,2.88
3.231,3.56,2.83
3.232,3.5,2.78
3.233,3.45,2.73
3.234,3.41,2.69
3.235,3.37,2.66
3.236,3.35,2.64
3.237,3.35,2.62
3.238,3.35,2.62
3.239,3.36,2.62
3.24,3.23,2.35
3.241,3.25,2.36
3.242,3.27,2.38
3.243,3.3,2.39
3.244,3.33,2.41
3.245,3.36,2.43
3.246,3.38,2.44
3.247,3.39,2.44
3.248,3.39,2.44
3.249,3.39,2.43
3.25,3.35,2.41
3.251,3.34,2.39
3.252,3.3,2.35
3.253,3.27,2.34
3.254,3.25,2.32
3.255,3.24,2.31
3.256,3.24,2.32
3.257,3.25,2.32
3.258,3.27,2.33
3.259,3.29,2.35
3.26,3.31,2.36
3.261,3.33,2.38
3.262,3.36,2.39
3.263,3.37,2.4
3.264,3.39,2.41
3.265,3.38,2.4
3.266,3.37,2.39
3.267,3.35,2.37
3.268,3.32,2.34
3.269,3.29,2.32
3.27,4.94,4.42
3.271,4.93,4.42
3.272,4.93,4.42
3.273,4.93,4.42
3.274,4.93,4.42
3.275,4.93,4.42
3.276,4.93,4.43
3.277,4.94,4.42
3.278,4.93,4.43
3.279,4.94,4.42
3.28,4.93,4.43
3.281,4.93,4.43
3.282,4.94,4.43
3.283,4.94,4.43
3.284,4.93,4.43
3.285,4.95,4.43
3.286,4.93,4.43
3.287,4.94,4.43
3.288,4.93,4.42
3.289,4.89,4.19
3.29,4.74,3.99
3.291,4.6,3.82
3.292,4.47,3.68
3.293,4.34,3.56
3.294,4.23,3.46
3.295,4.12,3.36
3.296,4.03,3.28
3.297,3.95,3.21
3.298,3.88,3.15
3.299,3.83,3.1
3.3,3.3,2.45
3.301,3.32,2.47
3.302,3.35,2.48
3.303,3.36,2.48
3.304,3.37,2.48
3.305,3.37,2.48
3.306,3.36,2.45
3.307,3.33,2.43
3.308,3.3,2.41
3.309,3.28,2.38
3.31,3.25,2.37
3.311,3.23,2.35
3.312,3.23,2.35
3.313,3.23,2.35
3.314,3.25,2.36
3.315,3.27,2.37
3.316,3.3,2.4
3.317,3.33,2.41
3.318,3.35,2.43
3.319,3.39,2.44
3.32,3.39,2.44
3.321,3.4,2.45
3.322,3.4,2.43
3.323,3.38,2.42
3.324,3.35,2.4
3.325,3.32,2.37
3.326,3.29,2.35
3.327,3.27,2.33
3.328,3.25,2.32
3.329,3.25,2.32
3.33,4.93,4.41
3.331,4.93,4.42
3.332,4.93,4.42
3.333,4.93,4.42
3.334,4.94,4.42
3.335,4.93,4.42
3.336,4.93,4.42
3.337,4.93,4.42
3.338,4.93,4.42
3.339,4.93,4.42
3.34,4.93,4.42
3.341,4.93,4.42
3.342,4.94,4.43
3.343,4.93,4.43
3.344,4.93,4.42
3.345,4.93,4.42
3.346,4.93,4.43
3.347,4.94,4.42
3.348,4.93,4.42
3.349,4.93,4.42
3.35,4.93,4.43
3.351,4.94,4.42
3.352,4.92,4.43
3.353,4.95,4.43
3.354,4.93,4.42
3.355,4.93,4.43
3.356,4.93,4.42
3.357,4.93,4.42
3.358,4.93,4.43
3.359,4.94,4.43
3.36,3.43,2.62
3.361,3.43,2.61
3.362,3.42,2.6
3.363,3.39,2.57
3.364,3.36,2.54
3.365,3.33,2.51
3.366,3.3,2.49
3.367,3.27,2.46
3.368,3.25,2.44
3.369,3.25,2.43
3.37,3.25,2.43
3.371,3.26,2.43
3.372,3.28,2.44
3.373,3.29,2.45
3.374,3.32,2.46
3.375,3.34,2.48
3.376,3.36,2.49
3.377,3.37,2.48
3.378,3.37,2.48
3.379,3.37,2.46
3.38,3.34,2.44
3.381,3.32,2.42
3.382,3.29,2.39
3.383,3.26,2.37
3.384,3.24,2.36
3.385,3.23,2.35
3.386,3.22,2.35
3.387,3.25,2.37
3.388,3.26,2.37
3.389,3.29,2.39
3.39,4.72,3.94
3.391,4.87,4.2
3.392,4.91,4.28
3.393,4.92,4.33
3.394,4.92,4.35
3.395,4.93,4.37
3.396,4.93,4.38
3.397,4.93,4.39
3.398,4.93,4.4
3.399,4.94,4.41
3.4,4.93,4.41
3.401,4.93,4.41
3.402,4.93,4.41
3.403,4.93,4.41
3.404,4.93,4.42
3.405,4.93,4.42
3.406,4.93,4.42
3.407,4.94,4.42
3.408,4.93,4.42
3.409,4.94,4.42
3.41,4.93,4.42
3.411,4.93,4.43
3.412,4.93,4.42
3.413,4.93,4.42
3.414,4.94,4.43
3.415,4.93,4.42
3.416,4.94,4.42
3.417,4.93,4.42
3.418,4.93,4.43
3.419,4.94,4.42
3.42,3.58,2.84
3.421,3.53,2.8
3.422,3.48,2.76
3.423,3.43,2.7
3.424,3.37,2.66
3.425,3.36,2.63
3.426,3.34,2.61
3.427,3.33,2.6
3.428,3.33,2.6
3.429,3.33,2.6
3.43,3.36,2.6
3.431,3.38,2.61
3.432,3.4,2.61
3.433,3.41,2.6
3.434,3.41,2.6
3.435,3.41,2.58
3.436,3.39,2.57
3.437,3.37,2.54
3.438,3.33,2.51
3.439,3.3,2.48
3.44,3.27,2.45
3.441,3.25,2.43
3.442,3.24,2.42
3.443,3.24,2.42
3.444,3.25,2.42
3.445,3.26,2.43
3.446,3.28,2.44
3.447,3.31,2.45
3.448,3.33,2.47
3.449,3.35,2.47
3.45,3.31,2.36
3.451,3.34,2.38
3.452,3.36,2.4
3.453,3.38,2.41
3.454,3.39,2.41
3.455,3.39,2.4
3.456,3.37,2.39
3.457,3.36,2.38
3.458,3.32,2.35
3.459,3.28,2.32
3.46,3.27,2.3
3.461,3.25,2.3
3.462,3.76,3.18
3.463,4.71,3.94
3.464,4.88,4.19
3.465,4.9,4.28
3.466,4.91,4.34
3.467,4.93,4.35
3.468,4.91,4.37
3.469,4.93,4.39
3.47,4.92,4.39
3.471,4.93,4.4
3.472,4.92,4.4
3.473,4.93,4.41
3.474,4.93,4.41
3.475,4.93,4.41
3.476,4.93,4.42
3.477,4.93,4.41
3.478,4.92,4.41
3.479,4.93,4.42
3.48,4.65,3.89
3.481,4.52,3.74
3.482,4.39,3.61
3.483,4.26,3.5
3.484,4.15,3.4
3.485,4.05,3.31
3.486,3.98,3.24
3.487,3.91,3.17
3.488,3.85,3.12
3.489,3.8,3.06
3.49,3.74,3.02
3.491,3.71,2.97
3.492,3.65,2.92
3.493,3.6,2.88
3.494,3.55,2.82
3.495,3.5,2.77
3.496,3.45,2.73
3.497,3.4,2.68
3.498,3.36,2.65
3.499,3.35,2.63
3.5,3.33,2.62
3.501,3.33,2.61
3.502,3.34,2.61
3.503,3.35,2.6
3.504,3.38,2.61
3.505,3.39,2.61
3.506,3.4,2.61
3.507,3.41,2.6
3.508,3.41,2.6
3.509,3.4,2.57
3.51,3.39,2.44
3.511,3.39,2.44
3.512,3.39,2.43
3.513,3.37,2.42
3.514,3.34,2.4
3.515,3.31,2.37
3.516,3.29,2.35
3.517,3.26,2.33
3.518,3.24,2.32
3.519,3.24,2.31
3.52,3.24,2.32
3.521,3.25,2.32
3.522,3.28,2.34
3.523,3.3,2.36
3.524,3.31,2.37
3.525,3.36,2.41
3.526,3.38,2.4
3.527,3.37,2.41
3.528,3.38,2.41
3.529,3.38,2.4
3.53,3.35,2.38
3.531,3.33,2.36
3.532,3.3,2.33
3.533,3.27,2.31
3.534,3.25,2.3
3.535,3.33,2.87
3.536,4.6,3.79
3.537,4.86,4.15
3.538,4.9,4.26
3.539,4.91,4.32
3.54,4.93,4.42
3.541,4.93,4.42
3.542,4.93,4.43
3.543,4.94,4.43
3.544,4.93,4.43
3.545,4.93,4.43
3.546,4.94,4.44
3.547,4.93,4.43
3.548,4.93,4.44
3.549,4.93,4.43
3.55,4.94,4.43
3.551,4.93,4.43
3.552,4.93,4.43
3.553,4.84,4.13
3.554,4.7,3.94
3.555,4.56,3.78
3.556,4.42,3.66
3.557,4.31,3.53
3.558,4.18,3.43
3.559,4.11,3.35
3.56,4.01,3.26
3.561,3.94,3.21
3.562,3.88,3.14
3.563,3.82,3.09
3.564,3.78,3.04
3.565,3.72,2.98
3.566,3.67,2.94
3.567,3.62,2.88
3.568,3.55,2.83
3.569,3.5,2.78
3.57,3.35,2.45
3.571,3.32,2.43
3.572,3.3,2.4
3.573,3.27,2.38
3.574,3.24,2.36
3.575,3.23,2.36
3.576,3.24,2.35
3.577,3.24,2.36
3.578,3.27,2.37
3.579,3.29,2.39
3.58,3.32,2.41
3.581,3.35,2.43
3.582,3.38,2.44
3.583,3.4,2.45
3.584,3.4,2.45
3.585,3.4,2.45
3.586,3.39,2.44
3.587,3.37,2.41
3.588,3.34,2.39
3.589,3.31,2.37
3.59,3.28,2.35
3.591,3.26,2.33
3.592,3.25,2.33
3.593,3.26,2.33
3.594,3.27,2.33
3.595,3.28,2.34
3.596,3.31,2.36
3.597,3.33,2.38
3.598,3.35,2.4
3.599,3.38,2.41
3.6,4.93,4.42
3.601,4.93,4.43
3.602,4.93,4.42
3.603,4.93,4.43
3.604,4.93,4.42
3.605,4.93,4.42
3.606,4.93,4.43
3.607,4.94,4.43
3.608,4.93,4.42
3.609,4.94,4.43
3.61,4.93,4.42
3.611,4.93,4.43
3.612,4.93,4.42
3.613,4.93,4.43
3.614,4.94,4.43
3.615,4.93,4.42
3.616,4.93,4.44
3.617,4.94,4.43
3.618,4.93,4.43
3.619,4.94,4.44
3.62,4.93,4.42
3.621,4.94,4.43
3.622,4.93,4.43
3.623,4.93,4.43
3.624,4.93,4.3
3.625,4.8,4.06
3.626,4.65,3.89
3.627,4.53,3.73
3.628,4.37,3.6
3.629,4.26,3.49
3.63,3.28,2.45
3.631,3.26,2.44
3.632,3.25,2.42
3.633,3.25,2.42
3.634,3.26,2.42
3.635,3.27,2.43
3.636,3.29,2.44
3.637,3.31,2.45
3.638,3.34,2.47
3.639,3.36,2.48
3.64,3.37,2.48
3.641,3.38,2.48
3.642,3.37,2.47
3.643,3.36,2.45
3.644,3.34,2.43
3.645,3.31,2.41
3.646,3.28,2.38
3.647,3.26,2.36
3.648,3.24,2.35
3.649,3.24,2.35
3.65,3.24,2.35
3.651,3.26,2.36
3.652,3.29,2.38
3.653,3.31,2.4
3.654,3.34,2.42
3.655,3.37,2.43
3.656,3.39,2.44
3.657,3.41,2.45
3.658,3.41,2.45
3.659,3.4,2.43
3.66,4.92,4.39
3.661,4.94,4.4
3.662,4.93,4.4
3.663,4.93,4.41
3.664,4.93,4.41
3.665,4.93,4.41
3.666,4.93,4.41
3.667,4.93,4.41
3.668,4.93,4.42
3.669,4.93,4.42
3.67,4.94,4.42
3.671,4.93,4.42
3.672,4.93,4.42
3.673,4.93,4.42
3.674,4.93,4.42
3.675,4.93,4.42
3.676,4.93,4.43
3.677,4.94,4.42
3.678,4.93,4.42
3.679,4.94,4.42
3.68,4.93,4.42
3.681,4.93,4.43
3.682,4.93,4.42
3.683,4.93,4.42
3.684,4.94,4.42
3.685,4.93,4.43
3.686,4.93,4.42
3.687,4.93,4.43
3.688,4.93,4.42
3.689,4.93,4.43
3.69,3.34,2.61
3.691,3.35,2.61
3.692,3.35,2.6
3.693,3.38,2.61
3.694,3.39,2.61
3.695,3.41,2.62
3.696,3.42,2.61
3.697,3.43,2.61
3.698,3.42,2.6
3.699,3.42,2.58
3.7,3.39,2.55
3.701,3.36,2.53
3.702,3.33,2.49
3.703,3.3,2.47
3.704,3.28,2.45
3.705,3.26,2.43
3.706,3.25,2.43
3.707,3.26,2.43
3.708,3.27,2.43
3.709,3.29,2.44
3.71,3.31,2.45
3.711,3.34,2.47
3.712,3.36,2.48
3.713,3.38,2.49
3.714,3.39,2.49
3.715,3.39,2.48
3.716,3.38,2.47
3.717,3.36,2.44
3.718,3.33,2.42
3.719,3.29,2.39
3.72,3.38,2.39
3.721,3.35,2.37
3.722,3.33,2.35
3.723,3.3,2.32
3.724,3.28,2.31
3.725,3.32,2.81
3.726,4.57,3.76
3.727,4.85,4.14
3.728,4.9,4.26
3.729,4.91,4.31
3.73,4.92,4.34
3.731,4.93,4.37
3.732,4.93,4.37
3.733,4.92,4.39
3.734,4.93,4.4
3.735,4.93,4.4
3.736,4.92,4.41
3.737,4.93,4.4
3.738,4.93,4.41
3.739,4.93,4.41
3.74,4.93,4.41
3.741,4.93,4.42
3.742,4.93,4.42
3.743,4.93,4.42
3.744,4.94,4.42
3.745,4.93,4.42
3.746,4.94,4.42
3.747,4.93,4.42
3.748,4.93,4.42
3.749,4.93,4.42
3.75,3.98,3.23
3.751,3.92,3.18
3.752,3.86,3.12
3.753,3.81,3.07
3.754,3.76,3.02
3.755,3.71,2.97
3.756,3.67,2.92
3.757,3.6,2.87
3.758,3.56,2.81
3.759,3.5,2.76
3.76,3.45,2.72
3.761,3.41,2.68
3.762,3.38,2.66
3.763,3.36,2.64
3.764,3.36,2.63
3.765,3.36,2.62
3.766,3.37,2.62
3.767,3.4,2.62
3.768,3.41,2.62
3.769,3.42,2.63
3.77,3.43,2.62
3.771,3.43,2.61
3.772,3.42,2.6
3.773,3.41,2.57
3.774,3.38,2.54
3.775,3.35,2.51
3.776,3.31,2.49
3.777,3.29,2.46
3.778,3.27,2.45
3.779,3.26,2.44
3.78,3.3,2.35
3.781,3.28,2.34
3.782,3.26,2.33
3.783,3.26,2.33
3.784,3.28,2.33
3.785,3.29,2.35
3.786,3.31,2.36
3.787,3.33,2.37
3.788,3.35,2.39
3.789,3.39,2.41
3.79,3.4,2.42
3.791,3.41,2.42
3.792,3.41,2.41
3.793,3.39,2.4
3.794,3.36,2.38
3.795,3.33,2.35
3.796,3.31,2.33
3.797,3.28,2.31
3.798,3.27,2.43
3.799,4.28,3.51
3.8,4.8,4.06
3.801,4.89,4.22
3.802,4.91,4.29
3.803,4.92,4.33
3.804,4.92,4.35
3.805,4.93,4.38
3.806,4.92,4.38
3.807,4.93,4.4
3.808,4.92,4.39
3.809,4.93,4.4
3.81,4.92,4.42
3.811,4.93,4.43
3.812,4.93,4.42
3.813,4.93,4.42
3.814,4.93,4.42
3.815,4.93,4.42
3.816,4.93,4.24
3.817,4.77,4.02
3.818,4.63,3.86
3.819,4.5,3.71
3.82,4.36,3.59
3.821,4.26,3.48
3.822,4.14,3.38
3.823,4.06,3.31
3.824,3.98,3.23
3.825,3.91,3.17
3.826,3.85,3.11
3.827,3.81,3.06
3.828,3.75,3.01
3.829,3.7,2.96
3.83,3.64,2.9
3.831,3.59,2.85
3.832,3.53,2.8
3.833,3.48,2.75
3.834,3.43,2.71
3.835,3.4,2.68
3.836,3.38,2.66
3.837,3.37,2.64
3.838,3.37,2.64
3.839,3.38,2.63
3.84,3.24,2.36
3.841,3.26,2.37
3.842,3.28,2.39
3.843,3.31,2.4
3.844,3.34,2.42
3.845,3.36,2.44
3.846,3.39,2.45
3.847,3.4,2.45
3.848,3.41,2.45
3.849,3.4,2.44
3.85,3.38,2.42
3.851,3.36,2.4
3.852,3.33,2.37
3.853,3.3,2.36
3.854,3.27,2.34
3.855,3.26,2.33
3.856,3.26,2.33
3.857,3.26,2.33
3.858,3.28,2.34
3.859,3.3,2.35
3.86,3.32,2.37
3.861,3.35,2.39
3.862,3.37,2.4
3.863,3.39,2.41
3.864,3.4,2.42
3.865,3.4,2.41
3.866,3.39,2.4
3.867,3.37,2.38
3.868,3.34,2.36
3.869,3.31,2.33
3.87,4.93,4.43
3.871,4.93,4.43
3.872,4.93,4.43
3.873,4.93,4.43
3.874,4.93,4.43
3.875,4.94,4.43
3.876,4.94,4.43
3.877,4.93,4.43
3.878,4.94,4.43
3.879,4.93,4.43
3.88,4.93,4.43
3.881,4.93,4.44
3.882,4.93,4.43
3.883,4.93,4.43
3.884,4.93,4.43
3.885,4.92,4.44
3.886,4.95,4.44
3.887,4.93,4.43
3.888,4.93,4.23
3.889,4.76,4.01
3.89,4.62,3.85
3.891,4.49,3.71
3.892,4.36,3.58
3.893,4.23,3.47
3.894,4.13,3.37
3.895,4.03,3.29
3.896,3.95,3.22
3.897,3.88,3.15
3.898,3.83,3.1
3.899,3.78,3.05
3.9,3.28,2.44
3.901,3.32,2.46
3.902,3.34,2.47
3.903,3.35,2.48
3.904,3.36,2.47
3.905,3.36,2.47
3.906,3.36,2.46
3.907,3.34,2.44
3.908,3.31,2.41
3.909,3.28,2.38
3.91,3.25,2.37
3.911,3.23,2.35
3.912,3.22,2.34
3.913,3.22,2.35
3.914,3.24,2.35
3.915,3.25,2.36
3.916,3.28,2.38
3.917,3.31,2.4
3.918,3.33,2.41
3.919,3.36,2.44
3.92,3.38,2.44
3.921,3.39,2.44
3.922,3.38,2.43
3.923,3.37,2.42
3.924,3.35,2.4
3.925,3.32,2.38
3.926,3.29,2.35
3.927,3.26,2.33
3.928,3.24,2.32
3.929,3.24,2.31
3.93,4.93,4.43
3.931,4.94,4.43
3.932,4.94,4.43
3.933,4.93,4.43
3.934,4.94,4.44
3.935,4.94,4.43
3.936,4.94,4.44
3.937,4.94,4.43
3.938,4.93,4.44
3.939,4.94,4.44
3.94,4.94,4.44
3.941,4.94,4.44
3.942,4.94,4.44
3.943,4.94,4.44
3.944,4.94,4.44
3.945,4.93,4.44
3.946,4.94,4.45
3.947,4.94,4.44
3.948,4.93,4.44
3.949,4.94,4.44
3.95,4.93,4.43
3.951,4.93,4.44
3.952,4.93,4.43
3.953,4.94,4.45
3.954,4.93,4.42
3.955,4.93,4.44
3.956,4.93,4.44
3.957,4.93,4.44
3.958,4.93,4.44
3.959,4.94,4.44
3.96,3.39,2.59
3.961,3.4,2.58
3.962,3.39,2.57
3.963,3.37,2.55
3.964,3.35,2.52
3.965,3.32,2.49
3.966,3.28,2.47
3.967,3.26,2.44
3.968,3.23,2.43
3.969,3.23,2.41
3.97,3.22,2.41
3.971,3.24,2.41
3.972,3.24,2.42
3.973,3.27,2.43
3.974,3.29,2.44
3.975,3.32,2.46
3.976,3.34,2.47
3.977,3.35,2.47
3.978,3.36,2.47
3.979,3.36,2.46
3.98,3.33,2.44
3.981,3.31,2.41
3.982,3.28,2.39
3.983,3.25,2.37
3.984,3.23,2.35
3.985,3.21,2.34
3.986,3.22,2.34
3.987,3.22,2.34
3.988,3.24,2.36
3.989,3.26,2.37
3.99,4.8,4.09
3.991,4.9,4.25
3.992,4.92,4.31
3.993,4.92,4.36
3.994,4.92,4.38
3.995,4.93,4.39
3.996,4.93,4.4
3.997,4.93,4.41
3.998,4.93,4.42
3.999,4.94,4.42
4.0,4.93,4.42
4.001,4.94,4.42
4.002,4.94,4.44
4.003,4.94,4.43
4.004,4.94,4.43
4.005,4.94,4.44
4.006,4.93,4.44
4.007,4.95,4.44
4.008,4.93,4.43
4.009,4.94,4.44
4.01,4.94,4.44
4.011,4.94,4.44
4.012,4.94,4.44
4.013,4.93,4.44
4.014,4.94,4.44
4.015,4.94,4.44
4.016,4.94,4.44
4.017,4.93,4.44
4.018,4.96,4.45
4.019,4.93,4.44
4.02,3.57,2.84
4.021,3.52,2.79
4.022,3.46,2.74
4.023,3.42,2.7
4.024,3.37,2.66
4.025,3.34,2.63
4.026,3.32,2.61
4.027,3.32,2.6
4.028,3.32,2.59
4.029,3.32,2.59
4.03,3.34,2.58
4.031,3.36,2.6
4.032,3.38,2.6
4.033,3.39,2.6
4.034,3.4,2.59
4.035,3.4,2.58
4.036,3.39,2.57
4.037,3.36,2.54
4.038,3.33,2.51
4.039,3.31,2.48
4.04,3.26,2.45
4.041,3.24,2.43
4.042,3.23,2.42
4.043,3.22,2.41
4.044,3.24,2.41
4.045,3.24,2.42
4.046,3.27,2.43
4.047,3.28,2.44
4.048,3.31,2.45
4.049,3.34,2.46
