Time (Sec),Analog Input 0,Analog Input 1,Analog Input 6,Analog Input 7
0.0,3.36,2.21,2.58,1.96
0.001,3.37,2.21,2.58,1.97
0.002,3.36,2.2,2.58,1.97
0.003,3.37,2.2,2.58,1.97
0.004,3.38,2.2,2.59,1.97
0.005,3.38,2.2,2.59,1.98
0.006,3.39,2.2,2.6,1.99
0.007,3.4,2.2,2.61,1.99
0.008,3.41,2.21,2.61,1.99
0.009,3.42,2.21,2.62,2.0
0.01,3.43,2.21,2.63,2.01
0.011,3.44,2.22,2.64,2.02
0.012,3.45,2.22,2.64,2.02
0.013,3.44,2.21,2.64,2.02
0.014,3.46,2.22,2.65,2.03
0.015,4.91,4.32,2.64,2.0
0.016,4.9,4.32,2.63,1.99
0.017,4.9,4.32,2.63,1.99
0.018,4.91,4.32,2.62,1.98
0.019,4.91,4.33,2.63,1.99
0.02,4.92,4.33,2.63,1.98
0.021,4.9,4.33,2.61,1.98
0.022,4.91,4.32,2.62,1.98
0.023,4.91,4.32,2.62,1.98
0.024,4.91,4.32,2.62,1.98
0.025,4.9,4.33,2.65,1.99
0.026,4.92,4.34,2.64,2.0
0.027,4.92,4.33,2.62,2.0
0.028,4.91,4.33,2.64,2.0
0.029,4.91,4.32,2.64,2.01
0.03,4.91,4.34,2.71,2.06
0.031,4.92,4.34,2.7,2.05
0.032,4.91,4.33,2.69,2.04
0.033,4.9,4.33,2.68,2.02
0.034,4.9,4.33,2.68,2.02
0.035,4.91,4.34,2.67,2.01
0.036,4.91,4.33,2.65,2.01
0.037,4.91,4.33,2.65,2.0
0.038,4.92,4.34,2.65,1.99
0.039,4.91,4.34,2.64,1.99
0.04,4.91,4.33,2.62,1.98
0.041,4.9,4.33,2.62,1.98
0.042,4.91,4.33,2.63,1.98
0.043,4.91,4.34,2.62,1.98
0.044,4.92,4.34,2.62,1.98
0.045,3.65,2.71,2.66,2.04
0.046,3.63,2.69,2.67,2.04
0.047,3.62,2.66,2.67,2.04
0.048,3.6,2.64,2.68,2.04
0.049,3.59,2.62,2.68,2.04
0.05,3.57,2.6,2.67,2.04
0.051,3.55,2.57,2.67,2.04
0.052,3.54,2.55,2.66,2.03
0.053,3.52,2.53,2.66,2.03
0.054,3.49,2.51,2.65,2.01
0.055,3.47,2.48,2.64,2.01
0.056,3.45,2.46,2.63,2.0
0.057,3.43,2.43,2.62,2.0
0.058,3.41,2.41,2.61,1.99
0.059,3.38,2.39,2.6,1.99
0.06,3.22,2.02,2.61,1.99
0.061,3.23,2.02,2.62,2.0
0.062,3.24,2.03,2.63,2.0
0.063,3.25,2.03,2.64,2.01
0.064,3.26,2.03,2.64,2.01
0.065,3.27,2.04,2.65,2.02
0.066,3.28,2.04,2.65,2.03
0.067,3.29,2.04,2.66,2.04
0.068,3.3,2.05,2.67,2.04
0.069,3.3,2.05,2.67,2.04
0.07,3.3,2.04,2.67,2.04
0.071,3.3,2.04,2.67,2.04
0.072,3.29,2.03,2.66,2.03
0.073,3.29,2.03,2.66,2.03
0.074,3.28,2.02,2.66,2.03
0.075,4.92,4.36,2.62,1.97
0.076,4.92,4.37,2.62,1.98
0.077,4.92,4.37,2.63,1.98
0.078,4.92,4.37,2.63,1.98
0.079,4.92,4.37,2.64,1.99
0.08,4.92,4.37,2.64,2.0
0.081,4.92,4.37,2.64,2.0
0.082,4.92,4.37,2.66,2.01
0.083,4.92,4.37,2.67,2.02
0.084,4.92,4.37,2.68,2.02
0.085,4.92,4.37,2.68,2.03
0.086,4.92,4.37,2.69,2.04
0.087,4.92,4.37,2.7,2.04
0.088,4.92,4.37,2.7,2.05
0.089,4.92,4.38,2.71,2.05
0.09,4.93,4.39,2.65,1.99
0.091,4.92,4.39,2.64,1.98
0.092,4.92,4.39,2.63,1.98
0.093,4.92,4.39,2.63,1.98
0.094,4.92,4.39,2.63,1.97
0.095,4.93,4.4,2.63,1.98
0.096,4.92,4.4,2.62,1.97
0.097,4.92,4.39,2.62,1.97
0.098,4.92,4.39,2.63,1.98
0.099,4.92,4.39,2.63,1.98
0.1,4.92,4.39,2.64,1.99
0.101,4.93,4.4,2.65,1.99
0.102,4.93,4.4,2.65,2.0
0.103,4.92,4.39,2.65,2.0
0.104,4.92,4.39,2.66,2.01
0.105,3.45,2.65,2.66,2.02
0.106,3.42,2.62,2.65,2.01
0.107,3.39,2.59,2.64,2.01
0.108,3.35,2.55,2.63,2.0
0.109,3.32,2.52,2.62,1.99
0.11,3.29,2.49,2.61,1.98
0.111,3.26,2.46,2.6,1.97
0.112,3.22,2.43,2.6,1.97
0.113,3.2,2.41,2.59,1.96
0.114,3.17,2.38,2.58,1.96
0.115,3.15,2.36,2.58,1.95
0.116,3.13,2.34,2.58,1.95
0.117,3.11,2.31,2.57,1.95
0.118,3.09,2.29,2.58,1.96
0.119,3.08,2.28,2.58,1.96
0.12,2.93,1.88,2.65,2.02
0.121,2.94,1.9,2.66,2.03
0.122,3.11,2.12,2.66,2.03
0.123,4.05,2.83,2.66,2.03
0.124,4.57,3.43,2.67,2.03
0.125,4.77,3.82,2.67,2.03
0.126,4.85,4.03,2.66,2.02
0.127,4.87,4.13,2.66,2.02
0.128,4.88,4.19,2.66,2.01
0.129,4.89,4.25,2.65,2.01
0.13,4.91,4.28,2.65,2.0
0.131,4.91,4.3,2.64,1.99
0.132,4.91,4.31,2.63,1.99
0.133,4.91,4.33,2.62,1.98
0.134,4.91,4.34,2.62,1.98
0.135,4.93,4.41,2.65,2.0
0.136,4.93,4.41,2.66,2.01
0.137,4.92,4.4,2.67,2.01
0.138,4.93,4.4,2.68,2.02
0.139,4.93,4.4,2.68,2.02
0.14,4.92,4.4,2.69,2.03
0.141,4.92,4.39,2.69,2.03
0.142,4.92,4.4,2.7,2.04
0.143,4.94,4.41,2.71,2.05
0.144,4.93,4.41,2.71,2.05
0.145,4.93,4.41,2.7,2.05
0.146,4.93,4.41,2.71,2.05
0.147,4.94,4.41,2.71,2.04
0.148,4.92,4.4,2.69,2.03
0.149,4.92,4.4,2.69,2.03
0.15,4.93,4.4,2.63,1.98
0.151,4.92,4.4,2.62,1.97
0.152,4.92,4.37,2.63,1.98
0.153,4.85,4.21,2.63,1.99
0.154,4.78,4.08,2.63,1.98
0.155,4.69,3.97,2.63,1.99
0.156,4.61,3.87,2.63,1.99
0.157,4.54,3.79,2.63,2.0
0.158,4.48,3.71,2.64,2.0
0.159,4.41,3.64,2.65,2.01
0.16,4.34,3.56,2.65,2.01
0.161,4.27,3.49,2.66,2.02
0.162,4.2,3.43,2.66,2.02
0.163,4.13,3.36,2.66,2.02
0.164,4.07,3.3,2.66,2.03
0.165,2.81,2.0,2.61,1.98
0.166,2.79,1.98,2.6,1.97
0.167,2.78,1.97,2.59,1.96
0.168,2.77,1.95,2.58,1.96
0.169,2.75,1.94,2.58,1.96
0.17,2.74,1.92,2.58,1.96
0.171,2.74,1.92,2.58,1.96
0.172,2.73,1.9,2.58,1.96
0.173,2.72,1.9,2.58,1.96
0.174,2.71,1.89,2.58,1.96
0.175,2.71,1.88,2.58,1.96
0.176,2.72,1.87,2.59,1.97
0.177,2.72,1.87,2.6,1.98
0.178,2.72,1.86,2.6,1.98
0.179,2.72,1.86,2.61,1.99
0.18,4.93,4.39,2.7,2.04
0.181,4.93,4.39,2.69,2.03
0.182,4.93,4.39,2.68,2.03
0.183,4.93,4.4,2.68,2.02
0.184,4.93,4.4,2.67,2.02
0.185,4.93,4.39,2.66,2.01
0.186,4.92,4.4,2.65,2.0
0.187,4.93,4.4,2.64,1.99
0.188,4.93,4.4,2.63,1.99
0.189,4.93,4.4,2.63,1.98
0.19,4.93,4.4,2.63,1.98
0.191,4.93,4.4,2.62,1.97
0.192,4.93,4.4,2.62,1.97
0.193,4.93,4.4,2.62,1.97
0.194,4.93,4.4,2.62,1.98
0.195,4.94,4.41,2.71,2.05
0.196,4.93,4.41,2.7,2.05
0.197,4.93,4.4,2.71,2.05
0.198,4.93,4.41,2.72,2.06
0.199,4.94,4.42,2.72,2.05
0.2,4.93,4.42,2.71,2.05
0.201,4.93,4.41,2.71,2.05
0.202,4.93,4.41,2.7,2.04
0.203,4.93,4.41,2.69,2.03
0.204,4.93,4.41,2.68,2.03
0.205,4.93,4.41,2.68,2.02
0.206,4.93,4.41,2.67,2.01
0.207,4.93,4.41,2.66,2.01
0.208,4.93,4.41,2.65,2.0
0.209,4.93,4.42,2.64,1.99
0.21,4.07,3.32,2.63,1.99
0.211,4.0,3.25,2.63,1.99
0.212,3.94,3.19,2.64,2.0
0.213,3.88,3.14,2.65,2.01
0.214,3.83,3.09,2.66,2.02
0.215,3.77,3.04,2.66,2.03
0.216,3.72,2.99,2.67,2.03
0.217,3.67,2.94,2.67,2.03
0.218,3.63,2.9,2.68,2.04
0.219,3.59,2.86,2.68,2.04
0.22,3.55,2.82,2.68,2.04
0.221,3.5,2.77,2.68,2.04
0.222,3.46,2.74,2.67,2.03
0.223,3.41,2.69,2.67,2.03
0.224,3.37,2.65,2.66,2.02
0.225,2.62,1.79,2.57,1.95
0.226,2.62,1.79,2.57,1.95
0.227,2.63,1.78,2.58,1.96
0.228,2.63,1.78,2.58,1.96
0.229,2.63,1.78,2.59,1.97
0.23,2.64,1.77,2.59,1.98
0.231,2.64,1.77,2.6,1.98
0.232,2.64,1.76,2.61,1.98
0.233,2.65,1.76,2.62,2.0
0.234,2.67,1.77,2.63,2.0
0.235,2.67,1.76,2.64,2.01
0.236,2.68,1.76,2.64,2.01
0.237,2.68,1.76,2.65,2.02
0.238,2.69,1.76,2.65,2.02
0.239,2.7,1.76,2.67,2.03
0.24,4.93,4.41,2.64,1.99
0.241,4.94,4.41,2.64,1.98
0.242,4.94,4.42,2.63,1.97
0.243,4.93,4.41,2.62,1.96
0.244,4.93,4.41,2.62,1.97
0.245,4.93,4.41,2.62,1.97
0.246,4.94,4.41,2.62,1.97
0.247,4.94,4.42,2.62,1.97
0.248,4.94,4.41,2.62,1.97
0.249,4.93,4.4,2.62,1.97
0.25,4.93,4.41,2.63,1.98
0.251,4.94,4.41,2.64,1.98
0.252,4.93,4.41,2.65,1.99
0.253,4.93,4.41,2.65,2.0
0.254,4.92,4.4,2.65,2.0
0.255,4.93,4.41,2.69,2.03
0.256,4.92,4.4,2.68,2.02
0.257,4.93,4.4,2.68,2.02
0.258,4.93,4.4,2.67,2.01
0.259,4.91,4.39,2.65,2.0
0.26,4.92,4.4,2.65,1.99
0.261,4.94,4.41,2.65,1.99
0.262,4.94,4.41,2.64,1.98
0.263,4.93,4.4,2.63,1.97
0.264,4.93,4.41,2.62,1.97
0.265,4.93,4.41,2.62,1.96
0.266,4.93,4.41,2.62,1.97
0.267,4.93,4.41,2.62,1.97
0.268,4.93,4.41,2.62,1.97
0.269,4.93,4.4,2.62,1.97
0.27,3.48,2.75,2.65,2.01
0.271,3.45,2.72,2.65,2.02
0.272,3.42,2.69,2.67,2.02
0.273,3.39,2.65,2.66,2.02
0.274,3.36,2.61,2.66,2.02
0.275,3.31,2.58,2.65,2.01
0.276,3.29,2.55,2.66,2.01
0.277,3.26,2.52,2.65,2.01
0.278,3.23,2.49,2.64,2.01
0.279,3.19,2.46,2.64,2.0
0.28,3.16,2.42,2.63,1.99
0.281,3.13,2.4,2.62,1.98
0.282,3.09,2.36,2.61,1.98
0.283,3.06,2.34,2.6,1.97
0.284,3.03,2.3,2.59,1.96
0.285,2.7,1.76,2.6,1.98
0.286,2.71,1.77,2.61,1.98
0.287,2.76,1.87,2.62,1.99
0.288,3.73,2.58,2.63,2.0
0.289,4.44,3.25,2.64,2.0
0.29,4.71,3.69,2.64,2.01
0.291,4.82,3.96,2.65,2.01
0.292,4.86,4.09,2.66,2.02
0.293,4.89,4.18,2.67,2.03
0.294,4.89,4.22,2.67,2.03
0.295,4.9,4.25,2.68,2.03
0.296,4.91,4.29,2.68,2.03
0.297,4.92,4.31,2.68,2.03
0.298,4.92,4.32,2.67,2.03
0.299,4.92,4.33,2.67,2.01
0.3,4.93,4.4,2.62,1.97
0.301,4.93,4.4,2.62,1.97
0.302,4.93,4.4,2.63,1.97
0.303,4.93,4.4,2.63,1.98
0.304,4.93,4.4,2.63,1.98
0.305,4.92,4.39,2.63,1.98
0.306,4.93,4.4,2.64,1.99
0.307,4.93,4.4,2.65,2.0
0.308,4.93,4.4,2.65,2.0
0.309,4.93,4.4,2.66,2.01
0.31,4.93,4.4,2.67,2.01
0.311,4.93,4.4,2.68,2.02
0.312,4.93,4.39,2.68,2.02
0.313,4.91,4.38,2.68,2.03
0.314,4.92,4.4,2.69,2.03
0.315,4.93,4.41,2.65,1.99
0.316,4.92,4.4,2.64,1.97
0.317,4.91,4.39,2.62,1.96
0.318,4.91,4.4,2.63,1.97
0.319,4.94,4.42,2.63,1.98
0.32,4.94,4.41,2.63,1.97
0.321,4.93,4.4,2.62,1.96
0.322,4.92,4.4,2.62,1.97
0.323,4.93,4.4,2.62,1.97
0.324,4.93,4.41,2.63,1.98
0.325,4.93,4.4,2.63,1.98
0.326,4.93,4.41,2.63,1.98
0.327,4.93,4.41,2.64,1.99
0.328,4.93,4.41,2.65,1.99
0.329,4.93,4.41,2.66,2.0
0.33,3.08,2.27,2.66,2.02
0.331,3.06,2.25,2.65,2.01
0.332,3.04,2.23,2.65,2.01
0.333,3.02,2.21,2.64,2.0
0.334,3.0,2.18,2.62,1.99
0.335,2.97,2.16,2.62,1.98
0.336,2.96,2.14,2.61,1.97
0.337,2.94,2.12,2.6,1.97
0.338,2.92,2.1,2.59,1.96
0.339,2.89,2.08,2.57,1.95
0.34,2.88,2.06,2.57,1.95
0.341,2.87,2.05,2.57,1.95
0.342,2.86,2.03,2.57,1.94
0.343,2.84,2.02,2.57,1.94
0.344,2.84,2.01,2.57,1.95
0.345,4.93,4.38,2.69,2.03
0.346,4.93,4.39,2.69,2.04
0.347,4.92,4.39,2.7,2.03
0.348,4.93,4.39,2.7,2.04
0.349,4.93,4.4,2.7,2.04
0.35,4.93,4.39,2.7,2.04
0.351,4.93,4.4,2.69,2.03
0.352,4.93,4.4,2.69,2.02
0.353,4.93,4.4,2.68,2.02
0.354,4.93,4.4,2.68,2.02
0.355,4.93,4.4,2.67,2.01
0.356,4.93,4.4,2.66,2.0
0.357,4.93,4.41,2.65,1.99
0.358,4.93,4.4,2.64,1.98
0.359,4.93,4.4,2.63,1.98
0.36,4.93,4.41,2.65,1.99
0.361,4.93,4.41,2.66,2.0
0.362,4.93,4.42,2.67,2.01
0.363,4.93,4.42,2.67,2.02
0.364,4.92,4.41,2.68,2.02
0.365,4.93,4.41,2.69,2.03
0.366,4.93,4.42,2.7,2.04
0.367,4.93,4.42,2.71,2.04
0.368,4.93,4.41,2.7,2.04
0.369,4.93,4.41,2.7,2.04
0.37,4.93,4.42,2.71,2.03
0.371,4.93,4.41,2.71,2.04
0.372,4.93,4.41,2.71,2.04
0.373,4.93,4.42,2.7,2.04
0.374,4.93,4.41,2.7,2.03
0.375,4.76,4.08,2.61,1.96
0.376,4.68,3.97,2.61,1.96
0.377,4.61,3.88,2.61,1.96
0.378,4.54,3.8,2.61,1.97
0.379,4.47,3.72,2.61,1.97
0.38,4.4,3.64,2.62,1.97
0.381,4.33,3.57,2.62,1.98
0.382,4.26,3.5,2.63,1.99
0.383,4.2,3.44,2.63,1.99
0.384,4.14,3.37,2.64,2.0
0.385,4.08,3.31,2.65,2.01
0.386,4.02,3.26,2.66,2.01
0.387,3.97,3.2,2.66,2.02
0.388,3.92,3.15,2.67,2.03
0.389,3.87,3.1,2.67,2.03
0.39,2.9,2.0,2.59,1.96
0.391,2.89,1.98,2.58,1.95
0.392,2.87,1.97,2.57,1.95
0.393,2.87,1.96,2.57,1.95
0.394,2.86,1.95,2.57,1.94
0.395,2.85,1.94,2.57,1.94
0.396,2.85,1.94,2.57,1.94
0.397,2.85,1.93,2.57,1.94
0.398,2.85,1.92,2.57,1.95
0.399,2.85,1.91,2.57,1.95
0.4,2.85,1.91,2.58,1.96
0.401,2.86,1.91,2.59,1.96
0.402,2.86,1.91,2.6,1.97
0.403,2.87,1.91,2.6,1.97
0.404,2.88,1.91,2.61,1.98
0.405,4.92,4.42,2.69,2.02
0.406,4.93,4.41,2.68,2.02
0.407,4.93,4.41,2.67,2.01
0.408,4.93,4.41,2.67,2.01
0.409,4.93,4.42,2.67,2.0
0.41,4.93,4.42,2.65,1.98
0.411,4.91,4.4,2.64,1.98
0.412,4.91,4.41,2.63,1.97
0.413,4.92,4.42,2.63,1.97
0.414,4.93,4.42,2.63,1.97
0.415,4.92,4.42,2.62,1.96
0.416,4.93,4.42,2.62,1.96
0.417,4.92,4.42,2.62,1.96
0.418,4.93,4.42,2.62,1.96
0.419,4.92,4.41,2.62,1.96
0.42,4.92,4.42,2.69,2.03
0.421,4.91,4.41,2.69,2.03
0.422,4.91,4.41,2.69,2.03
0.423,4.91,4.42,2.7,2.03
0.424,4.92,4.42,2.7,2.03
0.425,4.92,4.42,2.7,2.03
0.426,4.92,4.42,2.69,2.03
0.427,4.92,4.42,2.69,2.02
0.428,4.92,4.42,2.68,2.01
0.429,4.91,4.41,2.67,2.01
0.43,4.91,4.41,2.67,2.0
0.431,4.92,4.42,2.66,1.99
0.432,4.92,4.43,2.65,1.99
0.433,4.93,4.43,2.65,1.98
0.434,4.93,4.43,2.64,1.97
0.435,3.63,2.9,2.62,1.98
0.436,3.59,2.86,2.61,1.98
0.437,3.55,2.81,2.61,1.98
0.438,3.52,2.78,2.62,1.99
0.439,3.49,2.75,2.63,2.0
0.44,3.47,2.72,2.64,2.0
0.441,3.44,2.68,2.64,2.0
0.442,3.42,2.66,2.65,2.01
0.443,3.41,2.64,2.66,2.01
0.444,3.39,2.61,2.66,2.01
0.445,3.36,2.57,2.66,2.01
0.446,3.34,2.55,2.66,2.01
0.447,3.32,2.53,2.66,2.02
0.448,3.29,2.5,2.65,2.0
0.449,3.26,2.47,2.64,2.0
0.45,2.87,1.88,2.57,1.94
0.451,2.87,1.87,2.57,1.94
0.452,2.86,1.86,2.57,1.95
0.453,2.87,1.86,2.57,1.95
0.454,2.89,1.87,2.58,1.95
0.455,3.32,2.33,2.58,1.96
0.456,4.21,3.09,2.6,1.97
0.457,4.61,3.62,2.6,1.97
0.458,4.78,3.95,2.62,1.98
0.459,4.85,4.12,2.63,1.99
0.46,4.88,4.2,2.64,2.0
0.461,4.88,4.26,2.65,2.0
0.462,4.89,4.29,2.66,2.01
0.463,4.89,4.31,2.66,2.01
0.464,4.9,4.34,2.67,2.02
0.465,4.92,4.43,2.65,1.99
0.466,4.93,4.44,2.65,1.98
0.467,4.93,4.43,2.64,1.98
0.468,4.92,4.42,2.63,1.97
0.469,4.91,4.43,2.63,1.97
0.47,4.92,4.43,2.63,1.97
0.471,4.92,4.43,2.63,1.97
0.472,4.92,4.42,2.62,1.97
0.473,4.92,4.42,2.63,1.97
0.474,4.91,4.43,2.63,1.97
0.475,4.92,4.43,2.63,1.98
0.476,4.92,4.43,2.64,1.98
0.477,4.92,4.43,2.64,1.99
0.478,4.92,4.43,2.65,1.99
0.479,4.92,4.42,2.66,2.0
0.48,4.92,4.43,2.71,2.04
0.481,4.93,4.43,2.7,2.04
0.482,4.92,4.42,2.69,2.02
0.483,4.91,4.42,2.68,2.02
0.484,4.91,4.42,2.68,2.01
0.485,4.92,4.42,2.67,2.0
0.486,4.91,4.42,2.66,2.0
0.487,4.92,4.42,2.65,1.99
0.488,4.92,4.42,2.65,1.98
0.489,4.92,4.42,2.64,1.98
0.49,4.92,4.42,2.63,1.97
0.491,4.92,4.42,2.63,1.97
0.492,4.91,4.42,2.63,1.97
0.493,4.92,4.42,2.63,1.98
0.494,4.92,4.42,2.63,1.98
0.495,3.25,2.4,2.66,2.02
0.496,3.24,2.38,2.66,2.02
0.497,3.24,2.37,2.66,2.02
0.498,3.23,2.35,2.66,2.03
0.499,3.22,2.34,2.67,2.03
0.5,3.21,2.32,2.66,2.02
0.501,3.19,2.3,2.66,2.02
0.502,3.18,2.28,2.65,2.01
0.503,3.17,2.27,2.65,2.01
0.504,3.15,2.25,2.64,2.0
0.505,3.14,2.23,2.63,1.99
0.506,3.11,2.21,2.62,1.99
0.507,3.1,2.19,2.61,1.98
0.508,3.08,2.17,2.6,1.97
0.509,3.06,2.15,2.59,1.96
0.51,4.9,4.35,2.65,2.0
0.511,4.91,4.36,2.66,2.01
0.512,4.91,4.36,2.66,2.01
0.513,4.9,4.35,2.67,2.02
0.514,4.9,4.37,2.68,2.03
0.515,4.9,4.37,2.69,2.03
0.516,4.91,4.38,2.7,2.04
0.517,4.9,4.37,2.7,2.04
0.518,4.91,4.38,2.71,2.04
0.519,4.91,4.38,2.71,2.05
0.52,4.9,4.37,2.71,2.04
0.521,4.9,4.37,2.71,2.05
0.522,4.91,4.38,2.71,2.04
0.523,4.91,4.38,2.71,2.04
0.524,4.91,4.38,2.7,2.03
0.525,4.9,4.38,2.63,1.97
0.526,4.9,4.38,2.63,1.98
0.527,4.9,4.38,2.64,1.98
0.528,4.9,4.39,2.64,1.99
0.529,4.91,4.38,2.65,1.99
0.53,4.9,4.38,2.65,2.0
0.531,4.9,4.38,2.66,2.0
0.532,4.9,4.38,2.67,2.01
0.533,4.91,4.39,2.68,2.02
0.534,4.91,4.39,2.69,2.03
0.535,4.9,4.38,2.69,2.03
0.536,4.9,4.38,2.7,2.04
0.537,4.9,4.39,2.71,2.04
0.538,4.91,4.39,2.71,2.05
0.539,4.91,4.39,2.72,2.05
0.54,4.91,4.38,2.66,1.99
0.541,4.9,4.38,2.65,1.98
0.542,4.9,4.38,2.64,1.98
0.543,4.82,4.18,2.63,1.97
0.544,4.74,4.07,2.62,1.97
0.545,4.67,3.96,2.62,1.97
0.546,4.59,3.87,2.61,1.96
0.547,4.51,3.78,2.61,1.96
0.548,4.45,3.7,2.61,1.96
0.549,4.38,3.62,2.61,1.97
0.55,4.31,3.55,2.61,1.97
0.551,4.25,3.49,2.62,1.98
0.552,4.19,3.43,2.62,1.98
0.553,4.14,3.36,2.62,1.99
0.554,4.08,3.31,2.63,1.99
0.555,3.2,2.18,2.64,2.0
0.556,3.19,2.17,2.64,2.02
0.557,3.18,2.16,2.63,2.0
0.558,3.16,2.14,2.62,1.98
0.559,3.15,2.12,2.61,1.97
0.56,3.13,2.11,2.6,1.97
0.561,3.11,2.09,2.59,1.96
0.562,3.1,2.08,2.58,1.96
0.563,3.09,2.07,2.58,1.95
0.564,3.08,2.05,2.57,1.94
0.565,3.06,2.05,2.56,1.93
0.566,3.06,2.04,2.56,1.94
0.567,3.06,2.03,2.56,1.94
0.568,3.06,2.02,2.56,1.95
0.569,3.06,2.02,2.56,1.95
0.57,4.89,4.35,2.7,2.04
0.571,4.9,4.37,2.71,2.05
0.572,4.9,4.36,2.72,2.05
0.573,4.9,4.36,2.72,2.05
0.574,4.91,4.37,2.72,2.05
0.575,4.9,4.36,2.71,2.04
0.576,4.89,4.36,2.71,2.03
0.577,4.89,4.36,2.7,2.04
0.578,4.89,4.36,2.7,2.03
0.579,4.89,4.36,2.69,2.02
0.58,4.9,4.36,2.68,2.02
0.581,4.9,4.36,2.67,2.01
0.582,4.89,4.36,2.67,2.0
0.583,4.89,4.36,2.66,1.99
0.584,4.9,4.36,2.65,1.99
0.585,4.9,4.36,2.67,2.01
0.586,4.89,4.36,2.68,2.01
0.587,4.89,4.36,2.68,2.02
0.588,4.89,4.36,2.69,2.03
0.589,4.89,4.35,2.7,2.03
0.59,4.89,4.35,2.7,2.03
0.591,4.89,4.35,2.71,2.04
0.592,4.89,4.35,2.71,2.05
0.593,4.9,4.36,2.73,2.04
0.594,4.9,4.36,2.73,2.05
0.595,4.9,4.36,2.73,2.05
0.596,4.9,4.36,2.73,2.05
0.597,4.9,4.36,2.72,2.05
0.598,4.89,4.35,2.72,2.04
0.599,4.89,4.35,2.71,2.04
0.6,3.35,2.47,2.57,1.95
0.601,3.32,2.45,2.57,1.95
0.602,3.31,2.43,2.57,1.95
0.603,3.31,2.41,2.58,1.96
0.604,3.3,2.4,2.58,1.96
0.605,3.29,2.39,2.59,1.96
0.606,3.29,2.37,2.59,1.97
0.607,3.29,2.36,2.6,1.97
0.608,3.29,2.35,2.61,1.98
0.609,3.29,2.34,2.62,1.99
0.61,3.29,2.33,2.62,1.99
0.611,3.29,2.32,2.63,2.0
0.612,3.29,2.32,2.64,2.0
0.613,3.3,2.3,2.64,2.01
0.614,3.29,2.3,2.65,2.01
0.615,3.15,1.99,2.59,1.96
0.616,3.14,1.97,2.58,1.96
0.617,3.14,1.97,2.59,1.96
0.618,3.14,1.97,2.57,1.95
0.619,3.11,1.95,2.56,1.95
0.62,3.11,1.95,2.56,1.95
0.621,3.11,1.94,2.56,1.94
0.622,3.12,1.95,2.57,1.95
0.623,3.12,1.94,2.57,1.94
0.624,3.11,1.94,2.56,1.95
0.625,3.12,1.94,2.58,1.96
0.626,3.14,1.95,2.58,1.97
0.627,3.16,1.96,2.58,1.97
0.628,3.5,2.35,2.59,1.97
0.629,4.16,2.97,2.6,1.98
0.63,4.89,4.33,2.73,2.06
0.631,4.9,4.33,2.73,2.05
0.632,4.89,4.32,2.71,2.04
0.633,4.87,4.31,2.7,2.03
0.634,4.87,4.31,2.7,2.03
0.635,4.89,4.33,2.7,2.02
0.636,4.9,4.33,2.69,2.01
0.637,4.89,4.32,2.67,2.0
0.638,4.88,4.32,2.66,2.0
0.639,4.88,4.32,2.66,2.0
0.64,4.89,4.33,2.66,2.0
0.641,4.89,4.32,2.66,1.99
0.642,4.88,4.32,2.65,1.99
0.643,4.88,4.32,2.65,1.99
0.644,4.89,4.33,2.66,1.99
0.645,4.88,4.32,2.74,2.06
0.646,4.88,4.32,2.74,2.06
0.647,4.88,4.32,2.74,2.06
0.648,4.88,4.32,2.74,2.07
0.649,4.89,4.33,2.74,2.07
0.65,4.87,4.32,2.74,2.06
0.651,4.88,4.32,2.74,2.06
0.652,4.89,4.33,2.74,2.06
0.653,4.9,4.33,2.73,2.06
0.654,4.9,4.33,2.73,2.04
0.655,4.89,4.32,2.71,2.04
0.656,4.88,4.32,2.7,2.03
0.657,4.88,4.32,2.69,2.02
0.658,4.88,4.32,2.69,2.01
0.659,4.88,4.32,2.68,2.01
0.66,3.5,2.62,2.62,1.99
0.661,3.49,2.6,2.62,1.99
0.662,3.48,2.57,2.63,1.99
0.663,3.47,2.56,2.64,2.0
0.664,3.47,2.55,2.64,2.01
0.665,3.46,2.53,2.65,2.01
0.666,3.47,2.52,2.66,2.02
0.667,3.45,2.5,2.66,2.02
0.668,3.44,2.48,2.66,2.03
0.669,3.44,2.48,2.67,2.03
0.67,3.44,2.46,2.67,2.03
0.671,3.42,2.44,2.66,2.03
0.672,3.41,2.42,2.66,2.02
0.673,3.4,2.41,2.66,2.02
0.674,3.39,2.39,2.65,2.01
0.675,4.85,4.16,2.6,1.97
0.676,4.86,4.18,2.61,1.97
0.677,4.85,4.2,2.62,1.98
0.678,4.87,4.22,2.63,1.99
0.679,4.87,4.23,2.64,1.99
0.68,4.86,4.23,2.64,1.99
0.681,4.86,4.24,2.65,2.0
0.682,4.87,4.25,2.66,2.01
0.683,4.86,4.25,2.67,2.02
0.684,4.88,4.27,2.69,2.03
0.685,4.89,4.28,2.7,2.04
0.686,4.87,4.27,2.7,2.04
0.687,4.87,4.27,2.71,2.05
0.688,4.87,4.28,2.71,2.05
0.689,4.88,4.28,2.72,2.06
0.69,4.89,4.31,2.67,2.01
0.691,4.88,4.29,2.66,2.0
0.692,4.87,4.29,2.66,2.0
0.693,4.87,4.29,2.65,1.99
0.694,4.88,4.3,2.65,2.0
0.695,4.88,4.3,2.65,2.0
0.696,4.88,4.3,2.65,2.0
0.697,4.87,4.29,2.65,1.99
0.698,4.87,4.29,2.65,2.0
0.699,4.86,4.28,2.65,2.0
0.7,4.88,4.3,2.67,2.01
0.701,4.89,4.31,2.68,2.02
0.702,4.89,4.3,2.68,2.02
0.703,4.87,4.29,2.68,2.02
0.704,4.87,4.29,2.69,2.03
0.705,4.87,4.28,2.71,2.06
0.706,4.87,4.29,2.71,2.05
0.707,4.87,4.28,2.7,2.05
0.708,4.87,4.28,2.69,2.04
0.709,4.87,4.28,2.68,2.04
0.71,4.87,4.28,2.68,2.03
0.711,4.87,4.28,2.67,2.02
0.712,4.87,4.23,2.66,2.01
0.713,4.77,4.07,2.64,2.0
0.714,4.68,3.95,2.62,1.99
0.715,4.6,3.86,2.61,1.98
0.716,4.53,3.75,2.61,1.98
0.717,4.47,3.68,2.6,1.98
0.718,4.4,3.6,2.6,1.98
0.719,4.34,3.53,2.6,1.98
0.72,3.34,2.3,2.61,2.02
0.721,3.36,2.3,2.62,2.03
0.722,3.36,2.3,2.62,2.03
0.723,3.35,2.29,2.62,2.03
0.724,3.36,2.28,2.62,2.03
0.725,3.34,2.27,2.61,2.02
0.726,3.33,2.26,2.6,2.02
0.727,3.33,2.25,2.6,2.01
0.728,3.32,2.24,2.59,2.01
0.729,3.31,2.22,2.58,2.0
0.73,3.3,2.21,2.58,1.99
0.731,3.28,2.19,2.56,1.98
0.732,3.26,2.18,2.56,1.98
0.733,3.25,2.17,2.55,1.97
0.734,3.24,2.16,2.54,1.96
0.735,4.87,4.25,2.64,2.04
0.736,4.86,4.25,2.64,2.04
0.737,4.86,4.25,2.65,2.04
0.738,4.86,4.25,2.65,2.05
0.739,4.87,4.26,2.66,2.06
0.74,4.87,4.26,2.67,2.06
0.741,4.86,4.25,2.67,2.07
0.742,4.86,4.25,2.68,2.07
0.743,4.87,4.26,2.69,2.08
0.744,4.87,4.26,2.69,2.08
0.745,4.87,4.26,2.69,2.08
0.746,4.87,4.26,2.69,2.08
0.747,4.87,4.26,2.69,2.08
0.748,4.87,4.25,2.68,2.07
0.749,4.86,4.25,2.67,2.06
0.75,4.87,4.25,2.61,2.02
0.751,4.87,4.25,2.61,2.02
0.752,4.86,4.24,2.61,2.02
0.753,4.86,4.24,2.61,2.02
0.754,4.86,4.24,2.61,2.03
0.755,4.86,4.24,2.62,2.04
0.756,4.86,4.24,2.63,2.04
0.757,4.86,4.24,2.63,2.05
0.758,4.87,4.25,2.64,2.05
0.759,4.87,4.25,2.65,2.06
0.76,4.86,4.24,2.65,2.07
0.761,4.86,4.24,2.65,2.07
0.762,4.86,4.24,2.66,2.08
0.763,4.86,4.24,2.66,2.08
0.764,4.86,4.24,2.67,2.09
0.765,3.78,2.89,2.51,2.0
0.766,3.75,2.84,2.5,1.99
0.767,3.72,2.81,2.49,1.98
0.768,3.68,2.77,2.48,1.99
0.769,3.66,2.74,2.48,1.98
0.77,3.63,2.72,2.48,1.97
0.771,3.61,2.69,2.48,1.97
0.772,3.59,2.66,2.47,1.98
0.773,3.58,2.64,2.47,1.98
0.774,3.56,2.62,2.47,1.98
0.775,3.55,2.6,2.47,1.98
0.776,3.55,2.58,2.48,1.99
0.777,3.55,2.57,2.48,1.99
0.778,3.53,2.55,2.49,1.99
0.779,3.53,2.54,2.49,2.0
0.78,3.47,2.22,2.49,2.03
0.781,3.47,2.21,2.48,2.02
0.782,3.45,2.2,2.47,2.01
0.783,3.44,2.18,2.46,2.01
0.784,3.43,2.18,2.44,2.0
0.785,3.41,2.17,2.44,1.99
0.786,3.4,2.16,2.43,1.99
0.787,3.39,2.14,2.42,1.98
0.788,3.38,2.13,2.42,1.97
0.789,3.37,2.12,2.41,1.97
0.79,3.37,2.12,2.4,1.96
0.791,3.64,2.42,2.41,1.96
0.792,4.13,2.88,2.43,1.97
0.793,4.46,3.28,2.45,1.97
0.794,4.64,3.58,2.49,1.98
0.795,4.85,4.18,2.82,2.12
0.796,4.85,4.18,2.82,2.12
0.797,4.85,4.18,2.82,2.12
0.798,4.85,4.18,2.83,2.13
0.799,4.85,4.18,2.83,2.13
0.8,4.85,4.18,2.83,2.12
0.801,4.84,4.17,2.83,2.12
0.802,4.84,4.18,2.83,2.12
0.803,4.84,4.18,2.82,2.11
0.804,4.84,4.18,2.82,2.11
0.805,4.85,4.18,2.82,2.11
0.806,4.85,4.18,2.81,2.1
0.807,4.84,4.17,2.81,2.1
0.808,4.84,4.17,2.81,2.09
0.809,4.84,4.17,2.8,2.09
0.81,4.85,4.16,2.89,2.23
0.811,4.85,4.16,2.89,2.24
0.812,4.84,4.16,2.9,2.25
0.813,4.84,4.16,2.9,2.25
0.814,4.84,4.16,2.91,2.26
0.815,4.84,4.16,2.92,2.27
0.816,4.85,4.16,2.92,2.28
0.817,4.85,4.16,2.93,2.28
0.818,4.84,4.16,2.93,2.29
0.819,4.84,4.16,2.93,2.3
0.82,4.84,4.15,2.93,2.3
0.821,4.84,4.15,2.93,2.3
0.822,4.84,4.16,2.93,2.3
0.823,4.84,4.16,2.93,2.3
0.824,4.84,4.15,2.93,2.29
0.825,3.55,2.45,2.3,1.94
0.826,3.55,2.44,2.3,1.95
0.827,3.55,2.43,2.3,1.95
0.828,3.55,2.42,2.29,1.95
0.829,3.55,2.41,2.29,1.95
0.83,3.55,2.41,2.29,1.96
0.831,3.56,2.41,2.29,1.96
0.832,3.56,2.41,2.3,1.97
0.833,3.57,2.41,2.31,1.97
0.834,3.58,2.41,2.31,1.98
0.835,3.59,2.4,2.31,1.98
0.836,3.59,2.4,2.31,1.99
0.837,3.6,2.4,2.32,2.0
0.838,3.61,2.4,2.32,2.0
0.839,3.62,2.4,2.32,2.0
0.84,4.81,4.02,2.84,2.32
0.841,4.81,4.02,2.86,2.33
0.842,4.8,4.03,2.87,2.33
0.843,4.81,4.03,2.88,2.34
0.844,4.81,4.05,2.9,2.36
0.845,4.82,4.06,2.91,2.37
0.846,4.81,4.06,2.92,2.37
0.847,4.81,4.06,2.93,2.38
0.848,4.81,4.07,2.94,2.39
0.849,4.81,4.07,2.95,2.39
0.85,4.81,4.07,2.96,2.41
0.851,4.82,4.08,2.97,2.41
0.852,4.82,4.08,2.98,2.42
0.853,4.82,4.08,2.98,2.43
0.854,4.82,4.09,3.0,2.44
0.855,4.83,4.11,3.14,2.56
0.856,4.83,4.11,3.14,2.55
0.857,4.82,4.1,3.13,2.55
0.858,4.81,4.1,3.13,2.55
0.859,4.82,4.1,3.13,2.54
0.86,4.82,4.1,3.13,2.54
0.861,4.82,4.1,3.13,2.54
0.862,4.82,4.11,3.13,2.54
0.863,4.83,4.1,3.13,2.54
0.864,4.82,4.1,3.13,2.53
0.865,4.82,4.1,3.13,2.53
0.866,4.82,4.1,3.13,2.54
0.867,4.82,4.1,3.13,2.54
0.868,4.82,4.11,3.14,2.54
0.869,4.82,4.11,3.14,2.54
0.87,4.08,3.1,2.64,2.19
0.871,4.06,3.07,2.62,2.18
0.872,4.04,3.04,2.61,2.16
0.873,4.0,3.0,2.59,2.16
0.874,3.98,2.97,2.57,2.15
0.875,3.95,2.93,2.55,2.13
0.876,3.92,2.89,2.53,2.12
0.877,3.89,2.86,2.51,2.1
0.878,3.87,2.83,2.5,2.09
0.879,3.84,2.8,2.48,2.08
0.88,3.82,2.77,2.47,2.07
0.881,3.79,2.74,2.44,2.05
0.882,3.76,2.71,2.43,2.04
0.883,3.74,2.68,2.41,2.03
0.884,3.72,2.66,2.4,2.02
0.885,3.57,2.27,2.23,1.92
0.886,3.58,2.27,2.23,1.92
0.887,3.59,2.28,2.23,1.93
0.888,3.6,2.28,2.24,1.93
0.889,3.61,2.29,2.24,1.94
0.89,3.62,2.29,2.24,1.94
0.891,3.62,2.29,2.25,1.95
0.892,3.63,2.3,2.25,1.95
0.893,3.64,2.3,2.26,1.95
0.894,3.65,2.3,2.25,1.96
0.895,3.65,2.3,2.26,1.96
0.896,3.65,2.3,2.25,1.95
0.897,3.64,2.29,2.25,1.95
0.898,3.63,2.28,2.25,1.94
0.899,3.62,2.28,2.24,1.93
0.9,4.81,4.07,3.31,2.71
0.901,4.81,4.07,3.31,2.71
0.902,4.81,4.06,3.31,2.71
0.903,4.81,4.06,3.32,2.71
0.904,4.81,4.07,3.32,2.72
0.905,4.81,4.06,3.32,2.72
0.906,4.81,4.06,3.32,2.73
0.907,4.81,4.07,3.33,2.74
0.908,4.81,4.07,3.34,2.74
0.909,4.82,4.07,3.34,2.75
0.91,4.81,4.07,3.34,2.75
0.911,4.81,4.07,3.34,2.75
0.912,4.81,4.07,3.35,2.75
0.913,4.8,4.07,3.35,2.76
0.914,4.81,4.07,3.35,2.77
0.915,4.81,4.06,3.41,2.81
0.916,4.81,4.06,3.4,2.8
0.917,4.81,4.06,3.4,2.8
0.918,4.81,4.06,3.4,2.8
0.919,4.81,4.07,3.41,2.81
0.92,4.81,4.06,3.4,2.81
0.921,4.81,4.06,3.4,2.8
0.922,4.81,4.06,3.41,2.81
0.923,4.81,4.06,3.41,2.81
0.924,4.81,4.06,3.41,2.81
0.925,4.81,4.06,3.41,2.82
0.926,4.81,4.06,3.42,2.82
0.927,4.81,4.06,3.42,2.82
0.928,4.8,4.06,3.42,2.82
0.929,4.81,4.07,3.42,2.82
0.93,3.81,2.69,2.53,2.13
0.931,3.79,2.67,2.51,2.11
0.932,3.76,2.64,2.49,2.1
0.933,3.74,2.62,2.48,2.08
0.934,3.72,2.59,2.46,2.08
0.935,3.71,2.57,2.44,2.06
0.936,3.69,2.55,2.43,2.05
0.937,3.67,2.53,2.42,2.04
0.938,3.66,2.51,2.4,2.03
0.939,3.64,2.49,2.39,2.02
0.94,3.63,2.47,2.38,2.01
0.941,3.62,2.47,2.37,2.01
0.942,3.61,2.44,2.37,2.0
0.943,3.61,2.44,2.36,2.0
0.944,3.61,2.43,2.35,1.99
0.945,4.76,3.83,3.13,2.62
0.946,4.77,3.86,3.17,2.65
0.947,4.78,3.89,3.2,2.68
0.948,4.78,3.91,3.23,2.7
0.949,4.79,3.93,3.26,2.72
0.95,4.79,3.95,3.28,2.74
0.951,4.79,3.96,3.29,2.74
0.952,4.79,3.96,3.31,2.76
0.953,4.8,3.97,3.32,2.76
0.954,4.8,3.98,3.34,2.78
0.955,4.8,3.99,3.34,2.78
0.956,4.8,3.99,3.35,2.79
0.957,4.8,3.99,3.36,2.79
0.958,4.8,3.99,3.36,2.8
0.959,4.8,4.0,3.37,2.8
0.96,4.81,4.06,3.49,2.92
0.961,4.82,4.05,3.49,2.92
0.962,4.81,4.05,3.48,2.92
0.963,4.81,4.05,3.48,2.92
0.964,4.81,4.05,3.49,2.92
0.965,4.81,4.05,3.49,2.92
0.966,4.81,4.06,3.49,2.93
0.967,4.81,4.06,3.49,2.93
0.968,4.81,4.05,3.49,2.93
0.969,4.81,4.05,3.49,2.93
0.97,4.81,4.06,3.49,2.93
0.971,4.81,4.05,3.49,2.93
0.972,4.81,4.06,3.5,2.93
0.973,4.81,4.05,3.49,2.93
0.974,4.81,4.05,3.49,2.92
0.975,4.81,4.0,3.43,2.83
0.976,4.7,3.84,3.33,2.74
0.977,4.62,3.73,3.25,2.67
0.978,4.54,3.64,3.19,2.62
0.979,4.48,3.56,3.13,2.57
0.98,4.42,3.48,3.08,2.54
0.981,4.36,3.42,3.04,2.51
0.982,4.31,3.35,3.0,2.48
0.983,4.26,3.3,2.96,2.46
0.984,4.23,3.26,2.94,2.44
0.985,4.19,3.21,2.91,2.42
0.986,4.15,3.16,2.87,2.4
0.987,4.11,3.12,2.85,2.39
0.988,4.09,3.08,2.82,2.37
0.989,4.06,3.05,2.8,2.36
0.99,3.57,2.31,2.32,2.03
0.991,3.56,2.3,2.32,2.02
0.992,3.55,2.29,2.31,2.02
0.993,3.54,2.29,2.3,2.01
0.994,3.54,2.28,2.3,2.01
0.995,3.53,2.27,2.29,2.01
0.996,3.53,2.27,2.29,2.0
0.997,3.53,2.26,2.29,2.01
0.998,3.54,2.26,2.29,2.01
0.999,3.54,2.26,2.29,2.01
1.0,3.55,2.27,2.29,2.01
1.001,3.55,2.26,2.29,2.01
1.002,3.56,2.27,2.29,2.02
1.003,3.57,2.27,2.3,2.03
1.004,3.58,2.28,2.3,2.03
1.005,4.81,4.04,3.46,2.92
1.006,4.81,4.04,3.46,2.92
1.007,4.8,4.03,3.46,2.91
1.008,4.81,4.03,3.46,2.91
1.009,4.81,4.04,3.46,2.91
1.01,4.81,4.03,3.45,2.9
1.011,4.8,4.03,3.46,2.91
1.012,4.81,4.05,3.47,2.92
1.013,4.81,4.05,3.46,2.91
1.014,4.8,4.03,3.46,2.91
1.015,4.8,4.03,3.46,2.91
1.016,4.8,4.04,3.46,2.91
1.017,4.81,4.04,3.46,2.92
1.018,4.81,4.05,3.47,2.92
1.019,4.81,4.04,3.47,2.91
1.02,4.8,4.05,3.49,2.95
1.021,4.8,4.05,3.5,2.95
1.022,4.81,4.06,3.5,2.96
1.023,4.81,4.06,3.5,2.96
1.024,4.81,4.06,3.5,2.96
1.025,4.81,4.06,3.51,2.96
1.026,4.81,4.06,3.5,2.96
1.027,4.81,4.05,3.5,2.95
1.028,4.8,4.05,3.5,2.95
1.029,4.81,4.05,3.5,2.95
1.03,4.81,4.06,3.5,2.95
1.031,4.81,4.06,3.5,2.94
1.032,4.8,4.05,3.49,2.93
1.033,4.8,4.05,3.49,2.93
1.034,4.8,4.05,3.49,2.93
1.035,3.63,2.49,2.43,2.1
1.036,3.63,2.47,2.43,2.1
1.037,3.63,2.47,2.42,2.1
1.038,3.65,2.47,2.43,2.11
1.039,3.65,2.47,2.43,2.11
1.04,3.66,2.47,2.42,2.11
1.041,3.66,2.46,2.42,2.11
1.042,3.66,2.44,2.41,2.1
1.043,3.65,2.44,2.41,2.1
1.044,3.66,2.44,2.42,2.11
1.045,3.66,2.44,2.41,2.1
1.046,3.66,2.43,2.4,2.1
1.047,3.65,2.42,2.4,2.09
1.048,3.64,2.41,2.39,2.09
1.049,3.64,2.4,2.38,2.08
1.05,3.51,2.18,2.23,1.96
1.051,3.51,2.17,2.23,1.96
1.052,3.51,2.17,2.23,1.96
1.053,3.52,2.17,2.23,1.96
1.054,3.52,2.18,2.23,1.97
1.055,3.53,2.18,2.24,1.97
1.056,3.54,2.19,2.24,1.98
1.057,3.55,2.19,2.24,1.98
1.058,3.56,2.2,2.25,1.99
1.059,3.57,2.21,2.25,2.0
1.06,3.58,2.21,2.26,2.0
1.061,3.59,2.22,2.26,2.0
1.062,3.6,2.22,2.27,2.01
1.063,3.61,2.23,2.27,2.0
1.064,3.6,2.23,2.26,2.01
1.065,4.81,4.05,3.43,2.87
1.066,4.81,4.05,3.43,2.87
1.067,4.81,4.05,3.43,2.86
1.068,4.81,4.05,3.43,2.86
1.069,4.81,4.05,3.43,2.87
1.07,4.81,4.05,3.45,2.87
1.071,4.81,4.05,3.44,2.87
1.072,4.81,4.05,3.43,2.87
1.073,4.81,4.05,3.44,2.87
1.074,4.81,4.06,3.44,2.87
1.075,4.81,4.05,3.44,2.88
1.076,4.81,4.06,3.44,2.88
1.077,4.81,4.06,3.44,2.88
1.078,4.81,4.06,3.45,2.89
1.079,4.81,4.06,3.45,2.89
1.08,4.83,4.08,3.48,2.91
1.081,4.82,4.08,3.49,2.91
1.082,4.82,4.07,3.47,2.9
1.083,4.81,4.07,3.46,2.9
1.084,4.81,4.06,3.46,2.89
1.085,4.81,4.06,3.46,2.89
1.086,4.81,4.06,3.46,2.89
1.087,4.82,4.07,3.46,2.89
1.088,4.81,4.07,3.46,2.88
1.089,4.81,4.06,3.45,2.88
1.09,4.81,4.06,3.45,2.88
1.091,4.81,4.06,3.45,2.88
1.092,4.81,4.06,3.45,2.88
1.093,4.82,4.07,3.45,2.88
1.094,4.82,4.07,3.45,2.88
1.095,3.71,2.56,2.48,2.14
1.096,3.71,2.55,2.47,2.13
1.097,3.69,2.53,2.46,2.12
1.098,3.69,2.52,2.45,2.12
1.099,3.69,2.51,2.45,2.12
1.1,3.68,2.5,2.44,2.11
1.101,3.67,2.48,2.43,2.1
1.102,3.66,2.47,2.42,2.09
1.103,3.65,2.45,2.41,2.08
1.104,3.63,2.44,2.4,2.08
1.105,3.62,2.42,2.39,2.06
1.106,3.6,2.4,2.38,2.05
1.107,3.58,2.39,2.37,2.04
1.108,3.57,2.37,2.36,2.03
1.109,3.56,2.36,2.35,2.02
1.11,4.78,3.89,3.12,2.61
1.111,4.78,3.92,3.16,2.64
1.112,4.8,3.96,3.2,2.68
1.113,4.82,3.97,3.22,2.69
1.114,4.8,3.97,3.22,2.7
1.115,4.79,3.98,3.24,2.72
1.116,4.8,4.0,3.27,2.73
1.117,4.82,4.01,3.28,2.75
1.118,4.79,4.01,3.29,2.76
1.119,4.81,4.02,3.31,2.76
1.12,4.81,4.02,3.31,2.77
1.121,4.81,4.03,3.32,2.78
1.122,4.82,4.04,3.34,2.79
1.123,4.82,4.04,3.34,2.79
1.124,4.82,4.04,3.34,2.79
1.125,4.83,4.08,3.4,2.83
1.126,4.82,4.08,3.4,2.82
1.127,4.81,4.08,3.4,2.83
1.128,4.83,4.09,3.41,2.84
1.129,4.84,4.09,3.41,2.84
1.13,4.83,4.08,3.41,2.83
1.131,4.81,4.08,3.4,2.83
1.132,4.81,4.08,3.4,2.84
1.133,4.82,4.09,3.41,2.85
1.134,4.83,4.09,3.42,2.85
1.135,4.83,4.09,3.41,2.85
1.136,4.82,4.09,3.41,2.85
1.137,4.82,4.09,3.42,2.86
1.138,4.82,4.09,3.41,2.86
1.139,4.83,4.09,3.42,2.86
1.14,4.84,4.11,3.38,2.81
1.141,4.83,4.1,3.37,2.8
1.142,4.82,4.09,3.36,2.8
1.143,4.81,4.09,3.36,2.8
1.144,4.82,4.1,3.37,2.81
1.145,4.84,4.11,3.37,2.81
1.146,4.83,4.04,3.3,2.71
1.147,4.72,3.88,3.21,2.63
1.148,4.63,3.76,3.14,2.57
1.149,4.55,3.66,3.08,2.52
1.15,4.48,3.58,3.03,2.49
1.151,4.42,3.51,2.98,2.45
1.152,4.36,3.44,2.95,2.42
1.153,4.31,3.37,2.91,2.4
1.154,4.26,3.31,2.88,2.37
1.155,3.55,2.31,2.35,2.04
1.156,3.55,2.31,2.35,2.04
1.157,3.54,2.3,2.34,2.03
1.158,3.53,2.28,2.33,2.02
1.159,3.5,2.26,2.32,2.01
1.16,3.49,2.25,2.31,2.0
1.161,3.48,2.24,2.3,2.0
1.162,3.48,2.23,2.3,1.99
1.163,3.46,2.21,2.28,1.98
1.164,3.44,2.19,2.27,1.97
1.165,3.44,2.18,2.27,1.97
1.166,3.43,2.18,2.27,1.97
1.167,3.43,2.18,2.26,1.97
1.168,3.43,2.17,2.27,1.97
1.169,3.43,2.17,2.27,1.97
1.17,4.83,4.1,3.18,2.68
1.171,4.84,4.12,3.19,2.69
1.172,4.85,4.12,3.2,2.69
1.173,4.84,4.12,3.2,2.7
1.174,4.85,4.12,3.2,2.7
1.175,4.84,4.12,3.2,2.69
1.176,4.83,4.11,3.19,2.69
1.177,4.83,4.11,3.19,2.69
1.178,4.82,4.11,3.19,2.68
1.179,4.83,4.12,3.2,2.69
1.18,4.86,4.13,3.2,2.69
1.181,4.85,4.12,3.2,2.68
1.182,4.83,4.11,3.18,2.67
1.183,4.83,4.11,3.18,2.67
1.184,4.83,4.11,3.18,2.67
1.185,4.85,4.14,3.18,2.68
1.186,4.85,4.14,3.18,2.68
1.187,4.84,4.14,3.18,2.68
1.188,4.84,4.14,3.18,2.68
1.189,4.84,4.14,3.19,2.69
1.19,4.84,4.14,3.19,2.69
1.191,4.84,4.14,3.19,2.69
1.192,4.84,4.14,3.19,2.69
1.193,4.85,4.15,3.2,2.7
1.194,4.85,4.15,3.19,2.69
1.195,4.84,4.14,3.18,2.69
1.196,4.85,4.15,3.19,2.69
1.197,4.85,4.15,3.19,2.69
1.198,4.85,4.16,3.19,2.69
1.199,4.85,4.15,3.18,2.68
1.2,3.79,2.83,2.58,2.16
1.201,3.76,2.8,2.57,2.16
1.202,3.73,2.76,2.56,2.15
1.203,3.7,2.73,2.55,2.14
1.204,3.68,2.7,2.55,2.14
1.205,3.67,2.68,2.54,2.14
1.206,3.65,2.65,2.53,2.14
1.207,3.64,2.63,2.54,2.14
1.208,3.63,2.61,2.54,2.14
1.209,3.62,2.59,2.54,2.14
1.21,3.6,2.57,2.53,2.13
1.211,3.6,2.55,2.54,2.15
1.212,3.6,2.55,2.54,2.15
1.213,3.6,2.53,2.54,2.15
1.214,3.58,2.51,2.53,2.15
1.215,3.33,2.06,2.42,2.03
1.216,3.32,2.04,2.42,2.02
1.217,3.31,2.04,2.41,2.01
1.218,3.3,2.03,2.41,2.01
1.219,3.3,2.02,2.41,2.01
1.22,3.3,2.02,2.41,2.01
1.221,3.29,2.01,2.4,2.01
1.222,3.28,2.01,2.4,2.01
1.223,3.29,2.0,2.41,2.01
1.224,3.29,2.0,2.41,2.01
1.225,3.29,2.0,2.41,2.02
1.226,3.3,2.01,2.42,2.02
1.227,3.31,2.0,2.42,2.02
1.228,3.31,2.01,2.43,2.03
1.229,3.36,2.08,2.45,2.05
1.23,4.85,4.18,3.03,2.55
1.231,4.86,4.19,3.03,2.55
1.232,4.85,4.18,3.02,2.54
1.233,4.85,4.17,3.02,2.53
1.234,4.85,4.18,3.02,2.53
1.235,4.85,4.18,3.01,2.53
1.236,4.85,4.18,3.0,2.52
1.237,4.85,4.18,3.01,2.52
1.238,4.86,4.18,3.0,2.52
1.239,4.86,4.18,3.0,2.51
1.24,4.85,4.18,3.0,2.51
1.241,4.86,4.18,3.0,2.51
1.242,4.85,4.18,2.99,2.51
1.243,4.85,4.18,2.99,2.51
1.244,4.86,4.19,3.0,2.52
1.245,4.85,4.19,3.03,2.54
1.246,4.85,4.19,3.03,2.55
1.247,4.85,4.2,3.03,2.55
1.248,4.86,4.2,3.04,2.55
1.249,4.86,4.2,3.04,2.56
1.25,4.86,4.2,3.03,2.55
1.251,4.85,4.19,3.03,2.55
1.252,4.86,4.2,3.03,2.54
1.253,4.86,4.2,3.02,2.54
1.254,4.85,4.2,3.02,2.53
1.255,4.86,4.2,3.01,2.52
1.256,4.85,4.19,3.0,2.52
1.257,4.85,4.2,3.0,2.52
1.258,4.86,4.2,3.0,2.51
1.259,4.85,4.2,2.98,2.5
1.26,3.5,2.52,2.62,2.13
1.261,3.5,2.5,2.63,2.14
1.262,3.49,2.48,2.62,2.14
1.263,3.47,2.46,2.63,2.14
1.264,3.47,2.45,2.63,2.15
1.265,3.47,2.43,2.64,2.16
1.266,3.47,2.42,2.65,2.16
1.267,3.46,2.4,2.65,2.16
1.268,3.45,2.39,2.65,2.15
1.269,3.44,2.37,2.65,2.15
1.27,3.43,2.35,2.64,2.15
1.271,3.43,2.34,2.65,2.15
1.272,3.42,2.33,2.65,2.15
1.273,3.41,2.3,2.63,2.14
1.274,3.38,2.29,2.63,2.13
1.275,4.79,3.92,2.7,2.22
1.276,4.81,3.97,2.73,2.24
1.277,4.82,4.02,2.75,2.25
1.278,4.83,4.05,2.77,2.27
1.279,4.83,4.08,2.78,2.28
1.28,4.84,4.09,2.79,2.3
1.281,4.84,4.11,2.81,2.31
1.282,4.85,4.13,2.83,2.32
1.283,4.85,4.14,2.84,2.34
1.284,4.86,4.15,2.86,2.35
1.285,4.86,4.16,2.87,2.36
1.286,4.85,4.16,2.88,2.37
1.287,4.85,4.17,2.89,2.38
1.288,4.85,4.18,2.9,2.38
1.289,4.86,4.18,2.91,2.4
1.29,4.87,4.24,2.91,2.38
1.291,4.87,4.24,2.89,2.37
1.292,4.86,4.22,2.89,2.36
1.293,4.85,4.22,2.88,2.36
1.294,4.86,4.23,2.88,2.36
1.295,4.87,4.23,2.89,2.37
1.296,4.87,4.24,2.89,2.36
1.297,4.86,4.23,2.88,2.36
1.298,4.86,4.23,2.89,2.36
1.299,4.86,4.23,2.89,2.37
1.3,4.87,4.23,2.9,2.37
1.301,4.87,4.24,2.9,2.38
1.302,4.87,4.23,2.9,2.38
1.303,4.86,4.23,2.91,2.38
1.304,4.87,4.23,2.91,2.39
1.305,4.87,4.25,2.94,2.39
1.306,4.87,4.24,2.93,2.38
1.307,4.87,4.24,2.92,2.37
1.308,4.87,4.25,2.92,2.37
1.309,4.87,4.24,2.91,2.36
1.31,4.87,4.24,2.9,2.36
1.311,4.86,4.24,2.89,2.35
1.312,4.87,4.24,2.89,2.32
1.313,4.8,4.07,2.85,2.29
1.314,4.71,3.94,2.81,2.26
1.315,4.62,3.83,2.79,2.23
1.316,4.55,3.73,2.77,2.22
1.317,4.48,3.64,2.75,2.2
1.318,4.4,3.56,2.75,2.19
1.319,4.34,3.49,2.73,2.18
1.32,3.24,2.04,2.66,2.11
1.321,3.24,2.04,2.68,2.12
1.322,3.26,2.04,2.68,2.12
1.323,3.25,2.03,2.68,2.12
1.324,3.24,2.02,2.68,2.12
1.325,3.24,2.01,2.68,2.11
1.326,3.23,2.0,2.67,2.1
1.327,3.22,1.98,2.66,2.09
1.328,3.21,1.97,2.65,2.09
1.329,3.2,1.95,2.65,2.08
1.33,3.19,1.94,2.64,2.08
1.331,3.18,1.92,2.63,2.07
1.332,3.16,1.91,2.62,2.05
1.333,3.15,1.9,2.61,2.05
1.334,3.14,1.88,2.61,2.04
1.335,4.87,4.25,2.88,2.32
1.336,4.87,4.24,2.88,2.33
1.337,4.87,4.24,2.89,2.34
1.338,4.87,4.25,2.9,2.35
1.339,4.88,4.25,2.9,2.35
1.34,4.87,4.25,2.91,2.35
1.341,4.87,4.24,2.9,2.35
1.342,4.86,4.24,2.91,2.36
1.343,4.88,4.25,2.92,2.37
1.344,4.88,4.25,2.92,2.37
1.345,4.87,4.24,2.92,2.36
1.346,4.87,4.24,2.92,2.37
1.347,4.87,4.25,2.92,2.37
1.348,4.88,4.25,2.92,2.36
1.349,4.87,4.25,2.91,2.36
1.35,4.87,4.25,2.86,2.31
1.351,4.87,4.26,2.87,2.32
1.352,4.88,4.26,2.87,2.32
1.353,4.88,4.26,2.87,2.32
1.354,4.87,4.25,2.87,2.33
1.355,4.87,4.26,2.88,2.33
1.356,4.87,4.26,2.88,2.34
1.357,4.87,4.26,2.89,2.34
1.358,4.88,4.26,2.9,2.35
1.359,4.88,4.26,2.9,2.35
1.36,4.87,4.26,2.91,2.36
1.361,4.87,4.26,2.91,2.36
1.362,4.87,4.26,2.91,2.37
1.363,4.87,4.25,2.92,2.37
1.364,4.87,4.25,2.92,2.37
1.365,3.56,2.61,2.68,2.1
1.366,3.53,2.57,2.67,2.09
1.367,3.5,2.54,2.66,2.08
1.368,3.47,2.51,2.65,2.08
1.369,3.44,2.47,2.65,2.08
1.37,3.42,2.44,2.64,2.07
1.371,3.39,2.41,2.64,2.07
1.372,3.37,2.38,2.64,2.07
1.373,3.36,2.36,2.64,2.06
1.374,3.34,2.33,2.64,2.06
1.375,3.32,2.3,2.65,2.07
1.376,3.31,2.28,2.65,2.07
1.377,3.3,2.26,2.65,2.08
1.378,3.29,2.24,2.66,2.08
1.379,3.29,2.23,2.66,2.08
1.38,3.86,2.53,2.71,2.12
1.381,4.36,3.1,2.73,2.13
1.382,4.61,3.51,2.73,2.14
1.383,4.73,3.76,2.73,2.15
1.384,4.78,3.9,2.74,2.15
1.385,4.81,3.99,2.75,2.16
1.386,4.83,4.04,2.75,2.16
1.387,4.84,4.08,2.75,2.16
1.388,4.85,4.12,2.75,2.16
1.389,4.85,4.14,2.75,2.17
1.39,4.85,4.16,2.76,2.17
1.391,4.87,4.18,2.77,2.18
1.392,4.87,4.19,2.76,2.18
1.393,4.86,4.2,2.77,2.18
1.394,4.87,4.21,2.77,2.19
1.395,4.88,4.28,2.9,2.28
1.396,4.88,4.28,2.9,2.28
1.397,4.87,4.28,2.9,2.28
1.398,4.88,4.29,2.9,2.29
1.399,4.89,4.29,2.9,2.29
1.4,4.88,4.28,2.9,2.28
1.401,4.88,4.28,2.89,2.28
1.402,4.88,4.28,2.89,2.27
1.403,4.88,4.28,2.89,2.27
1.404,4.88,4.29,2.88,2.26
1.405,4.89,4.29,2.87,2.26
1.406,4.89,4.29,2.86,2.25
1.407,4.88,4.29,2.85,2.24
1.408,4.88,4.28,2.84,2.23
1.409,4.87,4.28,2.84,2.23
1.41,4.88,4.29,2.85,2.23
1.411,4.89,4.3,2.86,2.23
1.412,4.88,4.3,2.86,2.24
1.413,4.88,4.29,2.87,2.24
1.414,4.88,4.3,2.88,2.25
1.415,4.88,4.3,2.88,2.25
1.416,4.88,4.3,2.89,2.26
1.417,4.88,4.3,2.89,2.26
1.418,4.88,4.29,2.9,2.26
1.419,4.88,4.29,2.9,2.26
1.42,4.89,4.3,2.9,2.26
1.421,4.88,4.3,2.9,2.27
1.422,4.89,4.3,2.9,2.26
1.423,4.89,4.3,2.89,2.26
1.424,4.89,4.3,2.88,2.25
1.425,3.1,2.08,2.64,2.02
1.426,3.1,2.07,2.64,2.03
1.427,3.1,2.06,2.65,2.03
1.428,3.09,2.04,2.65,2.03
1.429,3.08,2.03,2.65,2.03
1.43,3.08,2.02,2.66,2.04
1.431,3.08,2.01,2.66,2.05
1.432,3.09,2.0,2.67,2.06
1.433,3.09,2.0,2.68,2.06
1.434,3.1,1.99,2.7,2.08
1.435,3.1,1.98,2.7,2.08
1.436,3.1,1.98,2.71,2.09
1.437,3.1,1.97,2.71,2.09
1.438,3.1,1.96,2.72,2.09
1.439,3.11,1.96,2.73,2.1
1.44,4.89,4.28,2.79,2.15
1.441,4.89,4.28,2.78,2.14
1.442,4.88,4.27,2.77,2.14
1.443,4.88,4.27,2.77,2.13
1.444,4.87,4.28,2.77,2.14
1.445,4.89,4.3,2.78,2.15
1.446,4.9,4.3,2.78,2.15
1.447,4.89,4.29,2.78,2.14
1.448,4.87,4.28,2.78,2.14
1.449,4.87,4.28,2.78,2.15
1.45,4.88,4.29,2.79,2.16
1.451,4.89,4.3,2.81,2.17
1.452,4.89,4.3,2.81,2.17
1.453,4.88,4.3,2.82,2.18
1.454,4.88,4.29,2.82,2.18
1.455,4.88,4.31,2.86,2.21
1.456,4.89,4.32,2.86,2.21
1.457,4.89,4.32,2.85,2.21
1.458,4.89,4.31,2.83,2.19
1.459,4.88,4.31,2.83,2.18
1.46,4.89,4.32,2.83,2.19
1.461,4.9,4.33,2.82,2.18
1.462,4.9,4.32,2.81,2.17
1.463,4.89,4.32,2.81,2.16
1.464,4.89,4.32,2.8,2.16
1.465,4.89,4.33,2.8,2.16
1.466,4.9,4.33,2.8,2.16
1.467,4.89,4.32,2.79,2.16
1.468,4.89,4.31,2.8,2.16
1.469,4.89,4.32,2.8,2.16
1.47,3.92,3.09,2.75,2.12
1.471,3.88,3.05,2.76,2.13
1.472,3.84,3.0,2.76,2.13
1.473,3.79,2.95,2.76,2.12
1.474,3.75,2.9,2.76,2.13
1.475,3.71,2.87,2.76,2.13
1.476,3.67,2.82,2.75,2.11
1.477,3.62,2.77,2.74,2.1
1.478,3.58,2.72,2.73,2.1
1.479,3.55,2.68,2.72,2.09
1.48,3.51,2.65,2.71,2.08
1.481,3.47,2.61,2.7,2.06
1.482,3.44,2.57,2.68,2.05
1.483,3.41,2.53,2.68,2.05
1.484,3.37,2.5,2.67,2.04
1.485,2.97,1.82,2.67,2.04
1.486,2.97,1.82,2.67,2.05
1.487,2.98,1.82,2.68,2.05
1.488,2.98,1.81,2.69,2.06
1.489,2.99,1.81,2.69,2.07
1.49,2.99,1.81,2.7,2.07
1.491,2.99,1.81,2.7,2.08
1.492,3.0,1.81,2.72,2.09
1.493,3.01,1.81,2.72,2.09
1.494,3.01,1.81,2.73,2.09
1.495,3.01,1.8,2.72,2.09
1.496,3.01,1.79,2.72,2.09
1.497,3.01,1.79,2.72,2.09
1.498,3.0,1.78,2.71,2.08
1.499,2.99,1.77,2.7,2.07
1.5,4.9,4.33,2.78,2.16
1.501,4.9,4.33,2.78,2.17
1.502,4.9,4.33,2.78,2.16
1.503,4.9,4.33,2.79,2.17
1.504,4.89,4.32,2.79,2.17
1.505,4.89,4.33,2.8,2.18
1.506,4.89,4.33,2.8,2.19
1.507,4.89,4.33,2.81,2.19
1.508,4.88,4.32,2.81,2.2
1.509,4.89,4.33,2.83,2.21
1.51,4.91,4.35,2.84,2.22
1.511,4.9,4.34,2.84,2.22
1.512,4.89,4.33,2.84,2.22
1.513,4.88,4.32,2.84,2.22
1.514,4.87,4.31,2.84,2.23
1.515,4.9,4.34,2.82,2.2
1.516,4.89,4.33,2.81,2.19
1.517,4.89,4.33,2.8,2.19
1.518,4.9,4.34,2.8,2.19
1.519,4.89,4.34,2.8,2.19
1.52,4.9,4.34,2.8,2.19
1.521,4.9,4.33,2.79,2.19
1.522,4.89,4.33,2.79,2.19
1.523,4.89,4.33,2.79,2.19
1.524,4.89,4.33,2.8,2.19
1.525,4.91,4.34,2.81,2.2
1.526,4.91,4.34,2.81,2.2
1.527,4.89,4.33,2.81,2.21
1.528,4.89,4.32,2.81,2.21
1.529,4.89,4.33,2.82,2.22
1.53,3.66,2.82,2.76,2.13
1.531,3.63,2.79,2.75,2.12
1.532,3.58,2.74,2.73,2.11
1.533,3.54,2.69,2.72,2.09
1.534,3.5,2.65,2.71,2.09
1.535,3.47,2.62,2.7,2.08
1.536,3.44,2.58,2.69,2.07
1.537,3.4,2.55,2.68,2.06
1.538,3.38,2.51,2.67,2.05
1.539,3.35,2.48,2.67,2.04
1.54,3.32,2.45,2.65,2.04
1.541,3.28,2.41,2.65,2.03
1.542,3.27,2.39,2.66,2.04
1.543,3.26,2.37,2.66,2.04
1.544,3.24,2.34,2.65,2.03
1.545,3.02,1.84,2.72,2.09
1.546,3.02,1.84,2.73,2.09
1.547,3.02,1.84,2.74,2.1
1.548,3.02,1.84,2.74,2.1
1.549,3.03,1.83,2.73,2.1
1.55,3.03,1.84,2.73,2.09
1.551,3.27,2.13,2.73,2.1
1.552,4.02,2.78,2.73,2.1
1.553,4.48,3.33,2.73,2.11
1.554,4.69,3.69,2.73,2.12
1.555,4.79,3.92,2.74,2.13
1.556,4.83,4.02,2.74,2.13
1.557,4.84,4.08,2.74,2.13
1.558,4.84,4.12,2.73,2.13
1.559,4.86,4.17,2.74,2.14
1.56,4.9,4.33,2.83,2.25
1.561,4.9,4.33,2.83,2.25
1.562,4.89,4.32,2.84,2.26
1.563,4.89,4.32,2.85,2.26
1.564,4.9,4.33,2.86,2.27
1.565,4.89,4.33,2.86,2.28
1.566,4.89,4.33,2.87,2.28
1.567,4.9,4.33,2.88,2.29
1.568,4.9,4.33,2.88,2.29
1.569,4.9,4.33,2.88,2.29
1.57,4.89,4.32,2.88,2.29
1.571,4.89,4.33,2.88,2.29
1.572,4.9,4.33,2.88,2.29
1.573,4.9,4.33,2.87,2.28
1.574,4.89,4.32,2.86,2.27
1.575,4.9,4.35,2.8,2.24
1.576,4.89,4.34,2.8,2.24
1.577,4.9,4.35,2.81,2.24
1.578,4.9,4.34,2.81,2.25
1.579,4.9,4.34,2.82,2.25
1.58,4.89,4.34,2.82,2.26
1.581,4.89,4.37,2.82,2.26
1.582,4.89,4.35,2.83,2.27
1.583,4.89,4.34,2.84,2.28
1.584,4.9,4.36,2.86,2.28
1.585,4.9,4.36,2.86,2.29
1.586,4.89,4.35,2.87,2.29
1.587,4.89,4.35,2.87,2.3
1.588,4.9,4.35,2.88,2.3
1.589,4.89,4.35,2.88,2.31
1.59,3.28,2.4,2.67,2.06
1.591,3.26,2.37,2.66,2.05
1.592,3.23,2.35,2.66,2.04
1.593,3.22,2.33,2.65,2.04
1.594,3.19,2.29,2.65,2.03
1.595,3.18,2.27,2.65,2.03
1.596,3.17,2.25,2.65,2.03
1.597,3.16,2.23,2.64,2.03
1.598,3.15,2.23,2.65,2.04
1.599,3.14,2.2,2.65,2.04
1.6,3.13,2.19,2.66,2.05
1.601,3.13,2.17,2.67,2.05
1.602,3.13,2.16,2.67,2.07
1.603,3.12,2.14,2.67,2.06
1.604,3.12,2.14,2.68,2.06
1.605,4.88,4.31,2.83,2.25
1.606,4.88,4.32,2.83,2.26
1.607,4.89,4.32,2.83,2.25
1.608,4.89,4.31,2.82,2.24
1.609,4.89,4.31,2.81,2.24
1.61,4.89,4.32,2.8,2.24
1.611,4.88,4.31,2.8,2.23
1.612,4.89,4.32,2.79,2.23
1.613,4.89,4.32,2.79,2.23
1.614,4.89,4.32,2.78,2.23
1.615,4.89,4.31,2.78,2.24
1.616,4.89,4.33,2.78,2.23
1.617,4.89,4.35,2.78,2.23
1.618,4.9,4.33,2.78,2.23
1.619,4.9,4.33,2.79,2.23
1.62,4.88,4.31,2.86,2.3
1.621,4.89,4.33,2.87,2.31
1.622,4.9,4.33,2.88,2.31
1.623,4.9,4.32,2.87,2.31
1.624,4.89,4.32,2.88,2.32
1.625,4.9,4.33,2.88,2.31
1.626,4.89,4.32,2.86,2.3
1.627,4.88,4.32,2.86,2.29
1.628,4.88,4.31,2.85,2.29
1.629,4.89,4.32,2.84,2.28
1.63,4.9,4.32,2.84,2.28
1.631,4.89,4.32,2.83,2.27
1.632,4.89,4.32,2.82,2.26
1.633,4.89,4.32,2.81,2.26
1.634,4.89,4.32,2.8,2.25
1.635,4.54,3.76,2.76,2.18
1.636,4.47,3.68,2.76,2.18
1.637,4.4,3.6,2.76,2.18
1.638,4.34,3.53,2.76,2.17
1.639,4.27,3.46,2.76,2.17
1.64,4.21,3.39,2.77,2.17
1.641,4.16,3.32,2.77,2.17
1.642,4.09,3.27,2.76,2.16
1.643,4.04,3.22,2.77,2.17
1.644,4.0,3.16,2.77,2.17
1.645,3.95,3.1,2.77,2.16
1.646,3.9,3.06,2.77,2.16
1.647,3.85,3.01,2.76,2.15
1.648,3.81,2.96,2.75,2.14
1.649,3.76,2.91,2.74,2.13
1.65,3.08,1.94,2.64,2.02
1.651,3.08,1.94,2.65,2.03
1.652,3.08,1.93,2.64,2.03
1.653,3.08,1.92,2.65,2.03
1.654,3.08,1.91,2.65,2.03
1.655,3.08,1.91,2.65,2.04
1.656,3.08,1.91,2.66,2.04
1.657,3.09,1.9,2.67,2.05
1.658,3.09,1.9,2.68,2.06
1.659,3.1,1.91,2.68,2.06
1.66,3.1,1.9,2.69,2.07
1.661,3.1,1.9,2.7,2.08
1.662,3.11,1.9,2.7,2.08
1.663,3.11,1.9,2.71,2.08
1.664,3.11,1.89,2.71,2.09
1.665,4.89,4.32,2.79,2.23
1.666,4.89,4.32,2.78,2.22
1.667,4.89,4.32,2.78,2.22
1.668,4.89,4.32,2.78,2.22
1.669,4.89,4.32,2.77,2.22
1.67,4.9,4.33,2.77,2.22
1.671,4.89,4.32,2.77,2.22
1.672,4.89,4.32,2.77,2.21
1.673,4.89,4.32,2.77,2.22
1.674,4.89,4.33,2.78,2.22
1.675,4.89,4.32,2.78,2.23
1.676,4.9,4.33,2.79,2.23
1.677,4.9,4.32,2.79,2.23
1.678,4.89,4.32,2.79,2.24
1.679,4.89,4.32,2.8,2.25
1.68,4.89,4.33,2.85,2.28
1.681,4.91,4.34,2.84,2.28
1.682,4.9,4.33,2.83,2.26
1.683,4.89,4.32,2.82,2.25
1.684,4.89,4.33,2.82,2.25
1.685,4.89,4.33,2.81,2.24
1.686,4.89,4.33,2.8,2.24
1.687,4.9,4.34,2.79,2.23
1.688,4.9,4.33,2.79,2.23
1.689,4.89,4.33,2.78,2.22
1.69,4.89,4.33,2.78,2.22
1.691,4.89,4.33,2.77,2.22
1.692,4.89,4.33,2.77,2.22
1.693,4.89,4.33,2.77,2.22
1.694,4.9,4.33,2.77,2.22
1.695,3.35,2.37,2.74,2.12
1.696,3.34,2.34,2.73,2.12
1.697,3.33,2.32,2.74,2.11
1.698,3.32,2.3,2.74,2.12
1.699,3.31,2.29,2.74,2.12
1.7,3.3,2.27,2.73,2.11
1.701,3.28,2.25,2.73,2.11
1.702,3.27,2.23,2.72,2.1
1.703,3.26,2.21,2.71,2.09
1.704,3.24,2.19,2.71,2.09
1.705,3.23,2.17,2.7,2.08
1.706,3.22,2.15,2.69,2.06
1.707,3.2,2.13,2.68,2.06
1.708,3.19,2.11,2.67,2.05
1.709,3.18,2.1,2.66,2.04
1.71,4.9,4.32,2.78,2.21
1.711,4.9,4.31,2.78,2.21
1.712,4.89,4.31,2.79,2.22
1.713,4.9,4.32,2.8,2.23
1.714,4.9,4.32,2.81,2.24
1.715,4.89,4.32,2.81,2.24
1.716,4.9,4.32,2.82,2.24
1.717,4.89,4.32,2.83,2.25
1.718,4.89,4.32,2.83,2.25
1.719,4.89,4.32,2.83,2.25
1.72,4.89,4.32,2.83,2.25
1.721,4.89,4.32,2.83,2.25
1.722,4.89,4.32,2.83,2.25
1.723,4.9,4.33,2.83,2.25
1.724,4.89,4.32,2.82,2.24
1.725,4.9,4.32,2.75,2.2
1.726,4.9,4.33,2.75,2.2
1.727,4.9,4.33,2.76,2.21
1.728,4.9,4.33,2.77,2.21
1.729,4.9,4.33,2.77,2.22
1.73,4.89,4.32,2.77,2.22
1.731,4.89,4.32,2.78,2.22
1.732,4.9,4.33,2.79,2.23
1.733,4.9,4.33,2.8,2.24
1.734,4.9,4.33,2.81,2.24
1.735,4.9,4.33,2.81,2.25
1.736,4.89,4.32,2.82,2.25
1.737,4.89,4.33,2.83,2.26
1.738,4.9,4.33,2.83,2.26
1.739,4.9,4.32,2.84,2.27
1.74,4.22,3.39,2.71,2.11
1.741,4.16,3.32,2.69,2.1
1.742,4.1,3.25,2.68,2.09
1.743,4.04,3.19,2.67,2.08
1.744,3.99,3.14,2.67,2.08
1.745,3.94,3.08,2.67,2.08
1.746,3.89,3.03,2.67,2.07
1.747,3.85,2.98,2.67,2.06
1.748,3.8,2.93,2.67,2.07
1.749,3.77,2.89,2.67,2.07
1.75,3.73,2.85,2.67,2.08
1.751,3.7,2.81,2.68,2.08
1.752,3.68,2.78,2.69,2.08
1.753,3.65,2.74,2.69,2.09
1.754,3.62,2.7,2.69,2.09
1.755,3.2,1.95,2.71,2.09
1.756,3.2,1.94,2.71,2.08
1.757,3.19,1.93,2.7,2.07
1.758,3.19,1.92,2.69,2.06
1.759,3.18,1.91,2.68,2.05
1.76,3.17,1.89,2.67,2.04
1.761,3.15,1.88,2.66,2.04
1.762,3.15,1.87,2.66,2.03
1.763,3.14,1.86,2.65,2.02
1.764,3.13,1.85,2.64,2.02
1.765,3.13,1.84,2.63,2.02
1.766,3.13,1.84,2.63,2.01
1.767,3.12,1.83,2.63,2.02
1.768,3.13,1.83,2.63,2.02
1.769,3.13,1.82,2.64,2.02
1.77,4.89,4.3,2.81,2.25
1.771,4.89,4.31,2.82,2.25
1.772,4.9,4.32,2.83,2.26
1.773,4.9,4.32,2.82,2.26
1.774,4.91,4.32,2.83,2.26
1.775,4.9,4.31,2.82,2.25
1.776,4.89,4.3,2.81,2.24
1.777,4.89,4.3,2.8,2.24
1.778,4.89,4.31,2.8,2.24
1.779,4.9,4.31,2.8,2.23
1.78,4.91,4.31,2.79,2.23
1.781,4.89,4.31,2.78,2.22
1.782,4.89,4.31,2.77,2.21
1.783,4.89,4.31,2.74,2.21
1.784,4.9,4.31,2.76,2.2
1.785,4.9,4.31,2.77,2.23
1.786,4.9,4.31,2.78,2.23
1.787,4.89,4.31,2.79,2.24
1.788,4.89,4.31,2.79,2.24
1.789,4.89,4.31,2.8,2.25
1.79,4.89,4.31,2.81,2.25
1.791,4.9,4.31,2.81,2.25
1.792,4.89,4.3,2.81,2.26
1.793,4.89,4.31,2.82,2.26
1.794,4.9,4.32,2.83,2.27
1.795,4.91,4.32,2.83,2.27
1.796,4.91,4.32,2.83,2.27
1.797,4.9,4.32,2.82,2.26
1.798,4.9,4.31,2.82,2.25
1.799,4.89,4.31,2.81,2.25
1.8,3.33,2.33,2.65,2.04
1.801,3.32,2.31,2.65,2.04
1.802,3.31,2.29,2.65,2.04
1.803,3.3,2.27,2.65,2.04
1.804,3.29,2.25,2.66,2.05
1.805,3.28,2.24,2.66,2.05
1.806,3.28,2.23,2.67,2.05
1.807,3.27,2.21,2.68,2.06
1.808,3.27,2.2,2.69,2.08
1.809,3.28,2.19,2.69,2.08
1.81,3.27,2.18,2.7,2.08
1.811,3.26,2.17,2.7,2.08
1.812,3.26,2.16,2.71,2.09
1.813,3.26,2.15,2.71,2.09
1.814,3.26,2.14,2.72,2.1
1.815,3.89,2.54,2.67,2.04
1.816,4.41,3.12,2.66,2.05
1.817,4.65,3.53,2.66,2.06
1.818,4.77,3.8,2.67,2.07
1.819,4.82,3.94,2.67,2.08
1.82,4.85,4.03,2.68,2.09
1.821,4.86,4.07,2.68,2.09
1.822,4.86,4.11,2.68,2.1
1.823,4.87,4.14,2.69,2.11
1.824,4.87,4.17,2.7,2.12
1.825,4.88,4.19,2.7,2.12
1.826,4.89,4.21,2.71,2.14
1.827,4.89,4.22,2.72,2.14
1.828,4.88,4.22,2.73,2.15
1.829,4.88,4.23,2.73,2.16
1.83,4.89,4.29,2.81,2.23
1.831,4.91,4.3,2.8,2.22
1.832,4.89,4.29,2.79,2.21
1.833,4.89,4.28,2.78,2.2
1.834,4.89,4.28,2.77,2.19
1.835,4.9,4.29,2.76,2.19
1.836,4.89,4.28,2.76,2.18
1.837,4.9,4.29,2.75,2.18
1.838,4.89,4.29,2.74,2.17
1.839,4.9,4.28,2.73,2.17
1.84,4.9,4.28,2.73,2.16
1.841,4.89,4.29,2.72,2.16
1.842,4.89,4.28,2.73,2.16
1.843,4.9,4.29,2.73,2.16
1.844,4.9,4.29,2.73,2.16
1.845,4.9,4.28,2.81,2.23
1.846,4.9,4.28,2.81,2.23
1.847,4.9,4.28,2.81,2.23
1.848,4.89,4.28,2.81,2.23
1.849,4.9,4.28,2.82,2.23
1.85,4.9,4.29,2.81,2.23
1.851,4.89,4.27,2.8,2.22
1.852,4.88,4.27,2.8,2.21
1.853,4.89,4.27,2.79,2.21
1.854,4.89,4.28,2.79,2.2
1.855,4.9,4.28,2.78,2.2
1.856,4.89,4.28,2.77,2.18
1.857,4.89,4.27,2.76,2.18
1.858,4.89,4.27,2.75,2.17
1.859,4.89,4.27,2.74,2.16
1.86,3.28,2.24,2.68,2.06
1.861,3.28,2.23,2.69,2.07
1.862,3.28,2.22,2.7,2.08
1.863,3.28,2.21,2.7,2.08
1.864,3.28,2.21,2.71,2.09
1.865,3.28,2.2,2.72,2.1
1.866,3.28,2.2,2.73,2.1
1.867,3.28,2.19,2.73,2.1
1.868,3.28,2.19,2.74,2.1
1.869,3.28,2.18,2.73,2.11
1.87,3.28,2.17,2.74,2.11
1.871,3.27,2.16,2.73,2.1
1.872,3.27,2.16,2.73,2.1
1.873,3.27,2.15,2.73,2.1
1.874,3.26,2.14,2.72,2.09
1.875,4.89,4.24,2.71,2.14
1.876,4.88,4.24,2.71,2.14
1.877,4.89,4.24,2.72,2.15
1.878,4.89,4.25,2.73,2.15
1.879,4.89,4.24,2.73,2.16
1.88,4.88,4.24,2.73,2.16
1.881,4.88,4.24,2.74,2.17
1.882,4.88,4.24,2.75,2.18
1.883,4.89,4.24,2.76,2.19
1.884,4.89,4.25,2.77,2.19
1.885,4.89,4.24,2.78,2.2
1.886,4.88,4.24,2.78,2.2
1.887,4.88,4.24,2.79,2.21
1.888,4.89,4.24,2.79,2.21
1.889,4.88,4.24,2.8,2.22
1.89,4.89,4.25,2.74,2.17
1.891,4.88,4.24,2.73,2.17
1.892,4.89,4.24,2.73,2.17
1.893,4.88,4.24,2.72,2.16
1.894,4.89,4.25,2.73,2.16
1.895,4.9,4.25,2.72,2.16
1.896,4.89,4.24,2.72,2.16
1.897,4.88,4.24,2.72,2.16
1.898,4.88,4.24,2.73,2.17
1.899,4.88,4.25,2.73,2.17
1.9,4.89,4.25,2.74,2.18
1.901,4.89,4.25,2.74,2.18
1.902,4.89,4.25,2.75,2.19
1.903,4.88,4.25,2.75,2.19
1.904,4.89,4.24,2.76,2.2
1.905,3.85,2.95,2.73,2.12
1.906,3.81,2.91,2.73,2.11
1.907,3.78,2.87,2.72,2.11
1.908,3.74,2.83,2.71,2.1
1.909,3.71,2.79,2.7,2.09
1.91,3.67,2.75,2.69,2.07
1.911,3.64,2.72,2.67,2.06
1.912,3.61,2.69,2.67,2.06
1.913,3.58,2.66,2.66,2.05
1.914,3.56,2.62,2.66,2.04
1.915,3.53,2.59,2.65,2.04
1.916,3.51,2.57,2.65,2.04
1.917,3.49,2.54,2.65,2.04
1.918,3.47,2.52,2.65,2.04
1.919,3.46,2.5,2.65,2.04
1.92,3.38,2.13,2.71,2.09
1.921,3.38,2.12,2.72,2.09
1.922,3.39,2.13,2.73,2.1
1.923,3.4,2.13,2.73,2.1
1.924,3.41,2.13,2.73,2.1
1.925,3.41,2.12,2.73,2.1
1.926,3.4,2.12,2.72,2.09
1.927,3.39,2.11,2.71,2.08
1.928,3.4,2.12,2.7,2.08
1.929,3.77,2.48,2.7,2.08
1.93,4.29,2.98,2.7,2.08
1.931,4.58,3.38,2.69,2.09
1.932,4.73,3.67,2.69,2.09
1.933,4.79,3.83,2.69,2.1
1.934,4.82,3.93,2.69,2.1
1.935,4.88,4.23,2.78,2.22
1.936,4.9,4.25,2.79,2.23
1.937,4.9,4.25,2.8,2.23
1.938,4.9,4.24,2.8,2.24
1.939,4.89,4.24,2.8,2.24
1.94,4.88,4.23,2.81,2.24
1.941,4.89,4.24,2.82,2.25
1.942,4.89,4.23,2.82,2.25
1.943,4.88,4.24,2.83,2.25
1.944,4.89,4.24,2.83,2.26
1.945,4.89,4.24,2.83,2.26
1.946,4.89,4.25,2.84,2.26
1.947,4.9,4.25,2.83,2.25
1.948,4.89,4.23,2.82,2.24
1.949,4.88,4.23,2.81,2.24
1.95,4.87,4.2,2.77,2.18
1.951,4.88,4.21,2.78,2.19
1.952,4.88,4.21,2.78,2.19
1.953,4.87,4.19,2.77,2.18
1.954,4.86,4.19,2.78,2.19
1.955,4.87,4.2,2.79,2.2
1.956,4.87,4.2,2.8,2.2
1.957,4.87,4.2,2.8,2.21
1.958,4.87,4.2,2.81,2.21
1.959,4.88,4.21,2.82,2.22
1.96,4.87,4.2,2.82,2.23
1.961,4.87,4.2,2.83,2.23
1.962,4.87,4.2,2.83,2.23
1.963,4.87,4.19,2.83,2.24
1.964,4.86,4.19,2.84,2.24
1.965,4.05,2.82,2.67,2.04
1.966,4.03,2.81,2.66,2.03
1.967,4.02,2.79,2.65,2.03
1.968,4.01,2.79,2.65,2.03
1.969,4.03,2.79,2.66,2.04
1.97,4.03,2.79,2.65,2.03
1.971,4.02,2.78,2.64,2.02
1.972,4.02,2.77,2.64,2.02
1.973,4.02,2.77,2.64,2.03
1.974,4.03,2.77,2.65,2.03
1.975,4.04,2.78,2.65,2.03
1.976,4.05,2.79,2.66,2.04
1.977,4.07,2.8,2.67,2.04
1.978,4.07,2.8,2.67,2.05
1.979,4.08,2.81,2.68,2.05
1.98,4.72,3.72,2.8,2.18
1.981,4.73,3.74,2.8,2.18
1.982,4.72,3.74,2.79,2.18
1.983,4.72,3.74,2.78,2.17
1.984,4.71,3.74,2.78,2.17
1.985,4.72,3.75,2.78,2.17
1.986,4.72,3.75,2.78,2.16
1.987,4.72,3.74,2.76,2.16
1.988,4.71,3.74,2.75,2.15
1.989,4.7,3.73,2.75,2.15
1.99,4.69,3.72,2.75,2.15
1.991,4.69,3.72,2.75,2.15
1.992,4.67,3.7,2.75,2.15
1.993,4.65,3.69,2.76,2.16
1.994,4.64,3.67,2.76,2.16
1.995,4.58,3.45,2.84,2.25
1.996,4.59,3.47,2.85,2.25
1.997,4.59,3.47,2.84,2.25
1.998,4.59,3.47,2.85,2.27
1.999,4.6,3.48,2.85,2.25
2.0,4.59,3.47,2.84,2.24
2.001,4.58,3.47,2.83,2.24
2.002,4.6,3.48,2.84,2.25
2.003,4.61,3.48,2.84,2.24
2.004,4.59,3.48,2.83,2.23
2.005,4.58,3.46,2.81,2.21
2.006,4.58,3.45,2.8,2.21
2.007,4.57,3.45,2.79,2.2
2.008,4.56,3.44,2.78,2.19
2.009,4.56,3.44,2.77,2.18
2.01,4.43,3.12,2.75,2.2
2.011,4.43,3.12,2.75,2.2
2.012,4.42,3.12,2.75,2.21
2.013,4.42,3.13,2.76,2.21
2.014,4.42,3.14,2.77,2.22
2.015,4.43,3.15,2.77,2.22
2.016,4.43,3.16,2.78,2.22
2.017,4.4,3.14,2.77,2.21
2.018,4.37,3.11,2.77,2.2
2.019,4.37,3.11,2.78,2.2
2.02,4.37,3.1,2.78,2.19
2.021,4.34,3.08,2.77,2.17
2.022,4.33,3.07,2.76,2.17
2.023,4.32,3.06,2.76,2.16
2.024,4.31,3.05,2.75,2.15
2.025,4.18,2.87,2.64,2.03
2.026,4.18,2.87,2.64,2.03
2.027,4.19,2.88,2.65,2.03
2.028,4.2,2.88,2.65,2.04
2.029,4.2,2.89,2.66,2.04
2.03,4.21,2.9,2.66,2.04
2.031,4.22,2.91,2.67,2.05
2.032,4.23,2.92,2.68,2.06
2.033,4.24,2.93,2.69,2.07
2.034,4.25,2.94,2.7,2.07
2.035,4.25,2.94,2.7,2.08
2.036,4.25,2.96,2.71,2.09
2.037,4.27,2.97,2.72,2.09
2.038,4.28,2.98,2.72,2.1
2.039,4.28,2.98,2.74,2.11
2.04,4.22,2.91,2.67,2.04
2.041,4.22,2.9,2.66,2.04
2.042,4.21,2.89,2.65,2.03
2.043,4.2,2.88,2.65,2.02
2.044,4.2,2.88,2.65,2.02
2.045,4.2,2.88,2.65,2.02
2.046,4.2,2.88,2.65,2.02
2.047,4.2,2.89,2.65,2.02
2.048,4.2,2.89,2.65,2.03
2.049,4.21,2.89,2.65,2.03
2.05,4.21,2.9,2.65,2.03
2.051,4.21,2.91,2.66,2.04
2.052,4.23,2.92,2.68,2.05
2.053,4.25,2.94,2.69,2.06
2.054,4.26,2.95,2.7,2.07
2.055,4.28,3.0,2.72,2.09
2.056,4.27,2.99,2.71,2.08
2.057,4.26,2.97,2.7,2.08
2.058,4.25,2.96,2.69,2.07
2.059,4.24,2.95,2.68,2.06
2.06,4.24,2.94,2.68,2.05
2.061,4.22,2.93,2.67,2.04
2.062,4.21,2.92,2.66,2.04
2.063,4.21,2.91,2.65,2.03
2.064,4.2,2.9,2.64,2.02
2.065,4.19,2.89,2.64,2.02
2.066,4.18,2.88,2.63,2.01
2.067,4.18,2.88,2.63,2.02
2.068,4.2,2.89,2.64,2.02
2.069,4.2,2.89,2.64,2.02
2.07,4.26,2.98,2.69,2.08
2.071,4.26,2.98,2.7,2.08
2.072,4.28,3.0,2.71,2.09
2.073,4.29,3.0,2.71,2.09
2.074,4.28,2.99,2.71,2.08
2.075,4.27,2.99,2.7,2.08
2.076,4.28,2.99,2.71,2.08
2.077,4.28,2.99,2.7,2.08
2.078,4.27,2.97,2.69,2.07
2.079,4.26,2.96,2.69,2.06
2.08,4.25,2.95,2.67,2.05
2.081,4.24,2.94,2.67,2.04
2.082,4.21,2.92,2.65,2.03
2.083,4.2,2.91,2.65,2.03
2.084,4.21,2.91,2.64,2.02
2.085,4.24,2.93,2.65,2.04
2.086,4.24,2.93,2.65,2.04
2.087,4.25,2.94,2.66,2.05
2.088,4.26,2.95,2.67,2.05
2.089,4.26,2.96,2.68,2.06
2.09,4.27,2.98,2.68,2.07
2.091,4.28,2.98,2.69,2.07
2.092,4.27,2.98,2.68,2.07
2.093,4.26,2.98,2.69,2.08
2.094,4.28,3.0,2.7,2.08
2.095,4.29,3.0,2.7,2.08
2.096,4.28,2.99,2.7,2.08
2.097,4.27,2.98,2.7,2.08
2.098,4.28,2.98,2.69,2.08
2.099,4.27,2.98,2.69,2.07
2.1,4.19,2.89,2.61,2.0
2.101,4.2,2.89,2.62,2.01
2.102,4.2,2.9,2.62,2.01
2.103,4.2,2.9,2.62,2.01
2.104,4.21,2.9,2.63,2.02
2.105,4.22,2.91,2.63,2.02
2.106,4.23,2.92,2.64,2.03
2.107,4.23,2.93,2.65,2.03
2.108,4.24,2.95,2.66,2.04
2.109,4.25,2.96,2.67,2.05
2.11,4.26,2.96,2.67,2.05
2.111,4.27,2.97,2.68,2.06
2.112,4.27,2.98,2.68,2.07
2.113,4.28,2.98,2.69,2.07
2.114,4.26,2.98,2.68,2.07
2.115,4.21,2.91,2.64,2.02
2.116,4.2,2.9,2.63,2.01
2.117,4.19,2.89,2.62,2.01
2.118,4.19,2.89,2.62,2.0
2.119,4.19,2.89,2.62,2.0
2.12,4.19,2.89,2.62,2.0
2.121,4.19,2.89,2.61,2.0
2.122,4.19,2.89,2.61,2.0
2.123,4.19,2.89,2.61,2.0
2.124,4.2,2.89,2.62,2.01
2.125,4.2,2.9,2.62,2.01
2.126,4.21,2.91,2.63,2.02
2.127,4.22,2.92,2.63,2.02
2.128,4.23,2.92,2.64,2.03
2.129,4.24,2.93,2.66,2.03
2.13,4.27,2.99,2.69,2.08
2.131,4.28,2.99,2.69,2.07
2.132,4.27,2.97,2.67,2.06
2.133,4.24,2.95,2.66,2.04
2.134,4.24,2.94,2.66,2.04
2.135,4.23,2.93,2.65,2.03
2.136,4.22,2.92,2.64,2.02
2.137,4.21,2.91,2.63,2.02
2.138,4.2,2.9,2.62,2.01
2.139,4.2,2.89,2.63,2.0
2.14,4.19,2.89,2.62,2.0
2.141,4.19,2.89,2.61,2.0
2.142,4.19,2.88,2.61,2.0
2.143,4.19,2.88,2.61,2.0
2.144,4.2,2.89,2.61,2.0
2.145,4.28,2.99,2.7,2.08
2.146,4.29,3.0,2.7,2.08
2.147,4.3,3.0,2.7,2.08
2.148,4.29,3.01,2.7,2.08
2.149,4.29,3.01,2.71,2.08
2.15,4.29,3.0,2.7,2.08
2.151,4.29,3.0,2.7,2.08
2.152,4.28,2.98,2.69,2.06
2.153,4.27,2.98,2.69,2.06
2.154,4.26,2.97,2.68,2.05
2.155,4.25,2.96,2.67,2.05
2.156,4.24,2.94,2.66,2.03
2.157,4.22,2.93,2.64,2.03
2.158,4.22,2.92,2.64,2.02
2.159,4.21,2.91,2.63,2.01
2.16,4.25,2.94,2.66,2.04
2.161,4.26,2.95,2.66,2.04
2.162,4.26,2.96,2.67,2.05
2.163,4.26,2.97,2.68,2.05
2.164,4.28,2.98,2.69,2.06
2.165,4.29,3.0,2.69,2.08
2.166,4.29,3.0,2.69,2.08
2.167,4.31,3.01,2.7,2.08
2.168,4.3,3.01,2.7,2.08
2.169,4.3,3.02,2.71,2.09
2.17,4.3,3.01,2.71,2.08
2.171,4.29,3.01,2.71,2.08
2.172,4.29,3.01,2.69,2.08
2.173,4.29,3.0,2.71,2.08
2.174,4.28,3.0,2.7,2.07
2.175,4.2,2.89,2.63,2.01
2.176,4.21,2.9,2.63,2.01
2.177,4.22,2.9,2.64,2.02
2.178,4.23,2.91,2.64,2.02
2.179,4.23,2.92,2.65,2.03
2.18,4.24,2.92,2.65,2.03
2.181,4.24,2.93,2.66,2.04
2.182,4.25,2.94,2.67,2.05
2.183,4.27,2.95,2.68,2.06
2.184,4.28,2.96,2.69,2.06
2.185,4.29,2.97,2.7,2.07
2.186,4.29,2.98,2.7,2.08
2.187,4.29,2.98,2.71,2.08
2.188,4.3,2.99,2.71,2.09
2.189,4.3,3.0,2.72,2.09
2.19,4.22,2.88,2.65,2.03
2.191,4.21,2.87,2.65,2.02
2.192,4.2,2.86,2.63,2.01
2.193,4.2,2.85,2.63,2.01
2.194,4.19,2.85,2.63,2.01
2.195,4.2,2.85,2.63,2.01
2.196,4.2,2.85,2.63,2.01
2.197,4.2,2.85,2.63,2.01
2.198,4.2,2.86,2.64,2.01
2.199,4.21,2.87,2.64,2.02
2.2,4.22,2.87,2.64,2.02
2.201,4.22,2.88,2.65,2.03
2.202,4.23,2.89,2.65,2.03
2.203,4.24,2.9,2.66,2.04
2.204,4.25,2.91,2.67,2.05
2.205,4.3,3.07,2.78,2.19
2.206,4.29,3.06,2.77,2.19
2.207,4.28,3.05,2.77,2.18
2.208,4.27,3.05,2.76,2.18
2.209,4.26,3.04,2.76,2.18
2.21,4.25,3.03,2.75,2.17
2.211,4.23,3.02,2.75,2.17
2.212,4.23,3.02,2.74,2.17
2.213,4.22,3.02,2.74,2.17
2.214,4.21,3.01,2.74,2.16
2.215,4.21,3.01,2.74,2.16
2.216,4.2,3.01,2.73,2.16
2.217,4.21,3.01,2.74,2.17
2.218,4.22,3.02,2.75,2.18
2.219,4.22,3.02,2.75,2.18
2.22,4.46,3.06,2.9,2.34
2.221,4.47,3.07,2.91,2.35
2.222,4.48,3.07,2.92,2.36
2.223,4.48,3.06,2.92,2.36
2.224,4.48,3.05,2.92,2.36
2.225,4.48,3.05,2.92,2.36
2.226,4.48,3.03,2.92,2.35
2.227,4.47,3.02,2.91,2.35
2.228,4.46,3.01,2.91,2.35
2.229,4.46,2.99,2.9,2.35
2.23,4.46,2.98,2.9,2.34
2.231,4.46,2.97,2.9,2.33
2.232,4.45,2.95,2.89,2.33
2.233,4.44,2.94,2.88,2.32
2.234,4.44,2.93,2.88,2.32
2.235,4.29,2.97,2.79,2.21
2.236,4.29,2.97,2.79,2.2
2.237,4.29,2.97,2.78,2.19
2.238,4.29,2.97,2.78,2.19
2.239,4.3,2.98,2.79,2.2
2.24,4.3,2.98,2.79,2.19
2.241,4.31,2.99,2.79,2.19
2.242,4.3,2.98,2.78,2.19
2.243,4.3,2.99,2.78,2.19
2.244,4.31,2.99,2.79,2.19
2.245,4.31,2.99,2.79,2.18
2.246,4.31,2.99,2.78,2.18
2.247,4.3,2.98,2.78,2.17
2.248,4.29,2.97,2.76,2.16
2.249,4.27,2.96,2.75,2.15
2.25,4.2,2.86,2.65,2.03
2.251,4.21,2.86,2.65,2.04
2.252,4.21,2.86,2.65,2.03
2.253,4.22,2.87,2.65,2.04
2.254,4.22,2.87,2.66,2.04
2.255,4.22,2.88,2.66,2.05
2.256,4.23,2.89,2.67,2.05
2.257,4.24,2.9,2.68,2.06
2.258,4.25,2.91,2.69,2.07
2.259,4.26,2.92,2.69,2.07
2.26,4.27,2.93,2.7,2.08
2.261,4.27,2.94,2.71,2.09
2.262,4.28,2.95,2.71,2.09
2.263,4.28,2.95,2.72,2.09
2.264,4.28,2.95,2.72,2.09
2.265,4.69,3.69,3.21,2.55
2.266,4.68,3.69,3.21,2.55
2.267,4.68,3.69,3.21,2.55
2.268,4.69,3.69,3.21,2.55
2.269,4.68,3.69,3.21,2.55
2.27,4.69,3.69,3.21,2.54
2.271,4.69,3.7,3.21,2.55
2.272,4.69,3.7,3.22,2.55
2.273,4.7,3.7,3.22,2.55
2.274,4.69,3.7,3.22,2.55
2.275,4.69,3.71,3.22,2.56
2.276,4.7,3.72,3.23,2.56
2.277,4.7,3.72,3.23,2.57
2.278,4.7,3.72,3.24,2.57
2.279,4.7,3.72,3.24,2.57
2.28,4.73,3.8,3.3,2.58
2.281,4.74,3.81,3.3,2.58
2.282,4.73,3.79,3.29,2.57
2.283,4.72,3.79,3.28,2.56
2.284,4.72,3.79,3.28,2.56
2.285,4.72,3.79,3.28,2.55
2.286,4.72,3.78,3.27,2.55
2.287,4.73,3.79,3.27,2.55
2.288,4.72,3.79,3.27,2.54
2.289,4.72,3.78,3.26,2.53
2.29,4.72,3.78,3.26,2.53
2.291,4.72,3.79,3.26,2.53
2.292,4.72,3.78,3.26,2.53
2.293,4.72,3.79,3.26,2.53
2.294,4.73,3.79,3.26,2.53
2.295,4.2,2.9,2.8,2.16
2.296,4.2,2.9,2.8,2.16
2.297,4.2,2.89,2.79,2.16
2.298,4.2,2.89,2.79,2.15
2.299,4.2,2.87,2.79,2.15
2.3,4.19,2.86,2.78,2.15
2.301,4.18,2.85,2.77,2.14
2.302,4.17,2.84,2.77,2.13
2.303,4.16,2.82,2.75,2.12
2.304,4.15,2.81,2.74,2.11
2.305,4.14,2.79,2.73,2.11
2.306,4.12,2.77,2.72,2.08
2.307,4.11,2.76,2.7,2.08
2.308,4.09,2.74,2.69,2.08
2.309,4.08,2.72,2.68,2.06
2.31,4.39,3.05,2.73,2.13
2.311,4.53,3.27,2.8,2.19
2.312,4.61,3.4,2.84,2.22
2.313,4.64,3.48,2.88,2.25
2.314,4.66,3.55,2.91,2.27
2.315,4.68,3.6,2.94,2.29
2.316,4.7,3.65,2.97,2.31
2.317,4.71,3.67,2.98,2.33
2.318,4.71,3.7,3.0,2.34
2.319,4.72,3.73,3.01,2.35
2.32,4.73,3.73,3.02,2.36
2.321,4.73,3.75,3.04,2.37
2.322,4.73,3.77,3.04,2.37
2.323,4.74,3.78,3.05,2.37
2.324,4.74,3.79,3.05,2.37
2.325,4.76,3.9,3.04,2.42
2.326,4.76,3.91,3.04,2.43
2.327,4.76,3.91,3.04,2.43
2.328,4.76,3.91,3.04,2.43
2.329,4.76,3.9,3.04,2.43
2.33,4.76,3.9,3.05,2.44
2.331,4.76,3.91,3.05,2.44
2.332,4.76,3.91,3.06,2.45
2.333,4.76,3.91,3.06,2.46
2.334,4.77,3.92,3.07,2.47
2.335,4.77,3.92,3.07,2.47
2.336,4.76,3.92,3.07,2.47
2.337,4.76,3.92,3.08,2.48
2.338,4.77,3.92,3.08,2.48
2.339,4.76,3.92,3.09,2.49
2.34,4.39,3.4,2.87,2.27
2.341,4.34,3.33,2.84,2.25
2.342,4.28,3.26,2.83,2.23
2.343,4.23,3.19,2.81,2.21
2.344,4.19,3.14,2.79,2.2
2.345,4.15,3.1,2.79,2.19
2.346,4.12,3.05,2.78,2.18
2.347,4.08,3.01,2.77,2.17
2.348,4.05,2.97,2.76,2.17
2.349,4.02,2.93,2.76,2.16
2.35,4.0,2.9,2.76,2.16
2.351,3.98,2.87,2.76,2.16
2.352,3.97,2.84,2.76,2.16
2.353,3.95,2.82,2.76,2.16
2.354,3.93,2.79,2.77,2.17
2.355,3.7,2.32,2.73,2.1
2.356,3.69,2.31,2.73,2.1
2.357,3.69,2.3,2.72,2.09
2.358,3.68,2.29,2.71,2.08
2.359,3.66,2.27,2.7,2.07
2.36,3.65,2.26,2.69,2.06
2.361,3.63,2.25,2.68,2.05
2.362,3.63,2.24,2.67,2.05
2.363,3.62,2.23,2.66,2.04
2.364,3.61,2.22,2.65,2.03
2.365,3.6,2.21,2.65,2.03
2.366,3.6,2.21,2.65,2.03
2.367,3.6,2.2,2.65,2.03
2.368,3.6,2.2,2.65,2.03
2.369,3.6,2.2,2.65,2.04
2.37,4.78,3.93,2.84,2.33
2.371,4.77,3.93,2.85,2.34
2.372,4.79,3.96,2.87,2.36
2.373,4.81,3.98,2.88,2.36
2.374,4.81,3.98,2.88,2.36
2.375,4.81,3.98,2.87,2.36
2.376,4.81,3.99,2.87,2.36
2.377,4.8,3.98,2.87,2.35
2.378,4.8,3.99,2.86,2.35
2.379,4.8,3.99,2.86,2.35
2.38,4.81,4.0,2.85,2.35
2.381,4.8,3.99,2.84,2.34
2.382,4.8,4.0,2.83,2.34
2.383,4.8,4.0,2.82,2.33
2.384,4.8,4.0,2.82,2.33
2.385,4.82,4.05,2.83,2.36
2.386,4.81,4.05,2.83,2.36
2.387,4.81,4.04,2.83,2.36
2.388,4.81,4.05,2.84,2.37
2.389,4.82,4.05,2.85,2.37
2.39,4.81,4.05,2.86,2.38
2.391,4.82,4.06,2.86,2.38
2.392,4.81,4.05,2.86,2.38
2.393,4.8,4.05,2.87,2.38
2.394,4.83,4.07,2.88,2.39
2.395,4.83,4.07,2.88,2.39
2.396,4.83,4.06,2.87,2.39
2.397,4.83,4.07,2.87,2.38
2.398,4.82,4.06,2.87,2.38
2.399,4.82,4.05,2.86,2.37
2.4,4.67,3.8,2.75,2.24
2.401,4.59,3.69,2.74,2.22
2.402,4.52,3.6,2.74,2.22
2.403,4.47,3.53,2.74,2.2
2.404,4.4,3.46,2.73,2.19
2.405,4.34,3.39,2.73,2.19
2.406,4.28,3.33,2.73,2.18
2.407,4.24,3.28,2.73,2.18
2.408,4.2,3.23,2.74,2.18
2.409,4.17,3.18,2.75,2.18
2.41,4.13,3.14,2.74,2.18
2.411,4.09,3.1,2.75,2.18
2.412,4.06,3.06,2.75,2.18
2.413,4.03,3.03,2.75,2.18
2.414,4.0,2.99,2.75,2.17
2.415,3.58,2.34,2.67,2.05
2.416,3.56,2.32,2.66,2.04
2.417,3.56,2.32,2.65,2.04
2.418,3.55,2.31,2.65,2.04
2.419,3.55,2.3,2.65,2.03
2.42,3.54,2.3,2.64,2.03
2.421,3.55,2.29,2.64,2.03
2.422,3.54,2.29,2.65,2.03
2.423,3.54,2.28,2.64,2.03
2.424,3.55,2.28,2.65,2.03
2.425,3.55,2.28,2.65,2.04
2.426,3.56,2.29,2.66,2.05
2.427,3.56,2.29,2.66,2.05
2.428,3.57,2.29,2.67,2.05
2.429,3.57,2.3,2.68,2.06
2.43,4.84,4.08,2.82,2.3
2.431,4.84,4.08,2.81,2.29
2.432,4.83,4.07,2.8,2.28
2.433,4.83,4.07,2.79,2.28
2.434,4.84,4.08,2.79,2.27
2.435,4.84,4.08,2.78,2.26
2.436,4.83,4.07,2.76,2.25
2.437,4.82,4.07,2.76,2.25
2.438,4.83,4.07,2.75,2.25
2.439,4.83,4.07,2.74,2.24
2.44,4.83,4.07,2.74,2.24
2.441,4.82,4.07,2.73,2.23
2.442,4.83,4.07,2.74,2.24
2.443,4.83,4.08,2.74,2.24
2.444,4.83,4.07,2.74,2.24
2.445,4.83,4.1,2.82,2.3
2.446,4.84,4.1,2.82,2.31
2.447,4.84,4.09,2.82,2.3
2.448,4.83,4.09,2.82,2.3
2.449,4.83,4.09,2.82,2.3
2.45,4.83,4.09,2.82,2.3
2.451,4.83,4.09,2.81,2.3
2.452,4.84,4.1,2.81,2.29
2.453,4.83,4.09,2.8,2.28
2.454,4.83,4.09,2.8,2.28
2.455,4.83,4.09,2.79,2.27
2.456,4.83,4.09,2.78,2.26
2.457,4.83,4.09,2.77,2.26
2.458,4.83,4.09,2.76,2.25
2.459,4.83,4.09,2.75,2.24
2.46,3.83,2.83,2.69,2.1
2.461,3.82,2.81,2.7,2.11
2.462,3.81,2.78,2.7,2.11
2.463,3.79,2.76,2.71,2.11
2.464,3.78,2.75,2.72,2.12
2.465,3.79,2.75,2.74,2.13
2.466,3.79,2.74,2.74,2.13
2.467,3.77,2.71,2.74,2.13
2.468,3.75,2.7,2.74,2.13
2.469,3.74,2.68,2.74,2.13
2.47,3.74,2.67,2.75,2.13
2.471,3.73,2.66,2.74,2.13
2.472,3.72,2.64,2.74,2.13
2.473,3.71,2.62,2.74,2.12
2.474,3.69,2.6,2.73,2.11
2.475,3.49,2.25,2.64,2.02
2.476,3.49,2.25,2.64,2.02
2.477,3.49,2.25,2.64,2.03
2.478,3.5,2.25,2.65,2.03
2.479,3.52,2.29,2.65,2.04
2.48,3.86,2.59,2.65,2.05
2.481,4.25,2.96,2.67,2.07
2.482,4.51,3.3,2.69,2.11
2.483,4.68,3.56,2.72,2.13
2.484,4.74,3.69,2.73,2.14
2.485,4.76,3.77,2.73,2.15
2.486,4.77,3.83,2.74,2.17
2.487,4.79,3.88,2.76,2.19
2.488,4.8,3.92,2.77,2.19
2.489,4.8,3.95,2.77,2.21
2.49,4.84,4.12,2.74,2.22
2.491,4.85,4.12,2.74,2.21
2.492,4.85,4.12,2.73,2.2
2.493,4.84,4.11,2.72,2.2
2.494,4.84,4.12,2.72,2.2
2.495,4.85,4.12,2.72,2.2
2.496,4.85,4.12,2.73,2.2
2.497,4.84,4.12,2.71,2.2
2.498,4.83,4.1,2.71,2.2
2.499,4.82,4.11,2.72,2.21
2.5,4.85,4.12,2.74,2.22
2.501,4.86,4.13,2.75,2.23
2.502,4.86,4.13,2.75,2.23
2.503,4.84,4.12,2.75,2.23
2.504,4.83,4.11,2.75,2.24
2.505,4.85,4.14,2.8,2.27
2.506,4.85,4.13,2.79,2.26
2.507,4.85,4.13,2.78,2.25
2.508,4.85,4.13,2.77,2.25
2.509,4.85,4.13,2.76,2.24
2.51,4.85,4.13,2.76,2.23
2.511,4.84,4.13,2.75,2.23
2.512,4.85,4.14,2.75,2.22
2.513,4.85,4.14,2.73,2.21
2.514,4.84,4.13,2.73,2.21
2.515,4.85,4.14,2.73,2.22
2.516,4.86,4.14,2.73,2.21
2.517,4.85,4.13,2.73,2.21
2.518,4.84,4.13,2.72,2.21
2.519,4.85,4.14,2.73,2.21
2.52,3.55,2.48,2.72,2.1
2.521,3.55,2.47,2.73,2.11
2.522,3.56,2.47,2.73,2.12
2.523,3.55,2.46,2.73,2.11
2.524,3.55,2.45,2.74,2.11
2.525,3.54,2.44,2.73,2.11
2.526,3.53,2.42,2.72,2.1
2.527,3.52,2.41,2.71,2.09
2.528,3.5,2.39,2.71,2.09
2.529,3.49,2.38,2.7,2.08
2.53,3.48,2.37,2.69,2.07
2.531,3.47,2.35,2.68,2.06
2.532,3.45,2.33,2.67,2.05
2.533,3.44,2.31,2.66,2.04
2.534,3.44,2.31,2.66,2.04
2.535,4.84,4.06,2.73,2.18
2.536,4.84,4.07,2.74,2.19
2.537,4.84,4.07,2.74,2.2
2.538,4.84,4.08,2.76,2.21
2.539,4.84,4.09,2.76,2.22
2.54,4.84,4.1,2.78,2.23
2.541,4.85,4.1,2.79,2.24
2.542,4.85,4.1,2.79,2.24
2.543,4.84,4.1,2.79,2.25
2.544,4.85,4.12,2.8,2.25
2.545,4.86,4.12,2.8,2.25
2.546,4.85,4.12,2.8,2.26
2.547,4.86,4.13,2.8,2.26
2.548,4.86,4.12,2.79,2.25
2.549,4.85,4.12,2.78,2.24
2.55,4.85,4.15,2.74,2.23
2.551,4.86,4.15,2.74,2.23
2.552,4.86,4.15,2.74,2.23
2.553,4.85,4.14,2.74,2.23
2.554,4.85,4.14,2.75,2.24
2.555,4.86,4.15,2.76,2.25
2.556,4.85,4.15,2.76,2.25
2.557,4.85,4.14,2.76,2.25
2.558,4.85,4.15,2.78,2.26
2.559,4.86,4.15,2.78,2.27
2.56,4.85,4.15,2.79,2.27
2.561,4.85,4.15,2.79,2.28
2.562,4.85,4.15,2.8,2.28
2.563,4.85,4.14,2.81,2.28
2.564,4.85,4.14,2.81,2.29
2.565,4.85,4.14,2.77,2.25
2.566,4.85,4.09,2.75,2.23
2.567,4.75,3.93,2.74,2.2
2.568,4.66,3.81,2.72,2.18
2.569,4.58,3.71,2.72,2.17
2.57,4.52,3.62,2.71,2.15
2.571,4.44,3.54,2.7,2.14
2.572,4.37,3.46,2.69,2.14
2.573,4.31,3.4,2.69,2.13
2.574,4.25,3.33,2.69,2.13
2.575,4.2,3.28,2.69,2.12
2.576,4.16,3.22,2.7,2.13
2.577,4.1,3.18,2.7,2.13
2.578,4.06,3.13,2.7,2.12
2.579,4.01,3.08,2.71,2.13
2.58,3.43,2.27,2.73,2.1
2.581,3.43,2.26,2.73,2.1
2.582,3.42,2.24,2.71,2.09
2.583,3.41,2.23,2.7,2.08
2.584,3.4,2.22,2.7,2.07
2.585,3.39,2.21,2.68,2.06
2.586,3.37,2.19,2.67,2.05
2.587,3.36,2.18,2.66,2.04
2.588,3.36,2.17,2.66,2.04
2.589,3.35,2.16,2.65,2.03
2.59,3.34,2.15,2.65,2.03
2.591,3.34,2.14,2.64,2.03
2.592,3.33,2.13,2.64,2.02
2.593,3.33,2.13,2.64,2.03
2.594,3.33,2.12,2.64,2.03
2.595,4.85,4.13,2.82,2.3
2.596,4.85,4.13,2.82,2.3
2.597,4.85,4.13,2.82,2.3
2.598,4.85,4.14,2.83,2.31
2.599,4.86,4.14,2.83,2.31
2.6,4.85,4.14,2.82,2.3
2.601,4.85,4.13,2.82,2.3
2.602,4.85,4.13,2.82,2.29
2.603,4.85,4.13,2.81,2.29
2.604,4.85,4.14,2.8,2.29
2.605,4.86,4.14,2.8,2.28
2.606,4.85,4.14,2.79,2.27
2.607,4.85,4.13,2.78,2.27
2.608,4.85,4.14,2.77,2.26
2.609,4.85,4.14,2.77,2.26
2.61,4.85,4.15,2.79,2.3
2.611,4.86,4.15,2.8,2.3
2.612,4.85,4.15,2.8,2.3
2.613,4.85,4.15,2.81,2.31
2.614,4.85,4.15,2.82,2.32
2.615,4.85,4.15,2.82,2.32
2.616,4.86,4.15,2.83,2.33
2.617,4.86,4.15,2.84,2.33
2.618,4.85,4.15,2.84,2.33
2.619,4.85,4.15,2.84,2.34
2.62,4.85,4.15,2.84,2.34
2.621,4.85,4.15,2.84,2.33
2.622,4.86,4.15,2.83,2.33
2.623,4.86,4.15,2.83,2.33
2.624,4.85,4.14,2.83,2.32
2.625,3.69,2.72,2.66,2.07
2.626,3.67,2.69,2.66,2.07
2.627,3.65,2.67,2.67,2.08
2.628,3.63,2.65,2.67,2.08
2.629,3.61,2.62,2.67,2.08
2.63,3.6,2.61,2.68,2.08
2.631,3.58,2.58,2.68,2.09
2.632,3.58,2.57,2.69,2.09
2.633,3.57,2.55,2.7,2.1
2.634,3.56,2.54,2.71,2.11
2.635,3.56,2.53,2.72,2.11
2.636,3.55,2.51,2.73,2.12
2.637,3.54,2.5,2.73,2.12
2.638,3.53,2.49,2.74,2.13
2.639,3.53,2.48,2.74,2.13
2.64,4.1,2.8,2.67,2.07
2.641,4.44,3.19,2.67,2.09
2.642,4.63,3.49,2.67,2.09
2.643,4.72,3.67,2.68,2.11
2.644,4.75,3.77,2.68,2.13
2.645,4.78,3.85,2.69,2.14
2.646,4.8,3.9,2.69,2.15
2.647,4.8,3.93,2.7,2.16
2.648,4.81,3.96,2.7,2.17
2.649,4.82,3.99,2.71,2.18
2.65,4.83,4.01,2.73,2.19
2.651,4.83,4.03,2.73,2.21
2.652,4.84,4.05,2.74,2.22
2.653,4.83,4.06,2.75,2.23
2.654,4.84,4.06,2.76,2.24
2.655,4.85,4.13,2.82,2.31
2.656,4.85,4.14,2.82,2.31
2.657,4.85,4.14,2.81,2.3
2.658,4.85,4.14,2.8,2.29
2.659,4.85,4.14,2.79,2.29
2.66,4.85,4.14,2.78,2.29
2.661,4.85,4.14,2.78,2.28
2.662,4.85,4.14,2.77,2.27
2.663,4.85,4.14,2.76,2.27
2.664,4.85,4.14,2.76,2.27
2.665,4.85,4.14,2.75,2.27
2.666,4.84,4.13,2.75,2.26
2.667,4.85,4.13,2.75,2.26
2.668,4.85,4.14,2.75,2.27
2.669,4.85,4.14,2.76,2.27
2.67,4.84,4.13,2.82,2.33
2.671,4.85,4.14,2.83,2.34
2.672,4.86,4.15,2.84,2.34
2.673,4.86,4.14,2.84,2.34
2.674,4.85,4.14,2.84,2.34
2.675,4.86,4.15,2.84,2.34
2.676,4.86,4.14,2.83,2.33
2.677,4.84,4.13,2.82,2.32
2.678,4.84,4.13,2.81,2.31
2.679,4.84,4.14,2.81,2.31
2.68,4.85,4.14,2.8,2.31
2.681,4.85,4.13,2.79,2.3
2.682,4.84,4.13,2.78,2.29
2.683,4.84,4.13,2.77,2.29
2.684,4.85,4.13,2.76,2.26
2.685,3.43,2.32,2.68,2.07
2.686,3.44,2.32,2.68,2.07
2.687,3.43,2.32,2.69,2.08
2.688,3.44,2.31,2.7,2.09
2.689,3.44,2.31,2.7,2.09
2.69,3.44,2.31,2.71,2.1
2.691,3.45,2.31,2.72,2.11
2.692,3.45,2.3,2.72,2.11
2.693,3.45,2.3,2.72,2.11
2.694,3.45,2.3,2.73,2.11
2.695,3.46,2.3,2.74,2.11
2.696,3.45,2.29,2.73,2.11
2.697,3.45,2.28,2.73,2.11
2.698,3.44,2.27,2.72,2.1
2.699,3.43,2.25,2.71,2.09
2.7,4.83,4.07,2.73,2.23
2.701,4.84,4.08,2.74,2.24
2.702,4.84,4.08,2.75,2.24
2.703,4.84,4.08,2.74,2.24
2.704,4.83,4.08,2.75,2.25
2.705,4.84,4.09,2.76,2.26
2.706,4.84,4.09,2.76,2.26
2.707,4.84,4.09,2.77,2.27
2.708,4.84,4.1,2.78,2.28
2.709,4.84,4.1,2.79,2.29
2.71,4.84,4.1,2.8,2.29
2.711,4.84,4.1,2.81,2.3
2.712,4.84,4.1,2.81,2.3
2.713,4.84,4.11,2.81,2.31
2.714,4.84,4.1,2.81,2.31
2.715,4.84,4.12,2.78,2.29
2.716,4.84,4.11,2.77,2.29
2.717,4.84,4.11,2.77,2.28
2.718,4.84,4.11,2.76,2.28
2.719,4.84,4.12,2.76,2.28
2.72,4.85,4.12,2.76,2.29
2.721,4.84,4.11,2.76,2.28
2.722,4.84,4.11,2.76,2.28
2.723,4.84,4.11,2.76,2.28
2.724,4.84,4.11,2.76,2.28
2.725,4.84,4.11,2.76,2.29
2.726,4.84,4.11,2.77,2.29
2.727,4.84,4.12,2.78,2.3
2.728,4.84,4.11,2.78,2.3
2.729,4.83,4.11,2.79,2.31
2.73,3.83,2.84,2.75,2.15
2.731,3.81,2.82,2.75,2.15
2.732,3.79,2.79,2.73,2.14
2.733,3.75,2.74,2.72,2.12
2.734,3.72,2.71,2.71,2.11
2.735,3.7,2.69,2.7,2.1
2.736,3.68,2.66,2.69,2.09
2.737,3.65,2.63,2.68,2.09
2.738,3.63,2.61,2.68,2.08
2.739,3.61,2.58,2.67,2.07
2.74,3.59,2.56,2.66,2.06
2.741,3.58,2.54,2.66,2.06
2.742,3.56,2.52,2.66,2.05
2.743,3.55,2.5,2.65,2.06
2.744,3.54,2.49,2.65,2.06
2.745,3.51,2.26,2.73,2.1
2.746,3.51,2.26,2.73,2.11
2.747,3.51,2.26,2.74,2.11
2.748,3.52,2.26,2.74,2.11
2.749,3.52,2.26,2.74,2.11
2.75,3.52,2.26,2.74,2.11
2.751,3.51,2.25,2.73,2.1
2.752,3.51,2.24,2.72,2.09
2.753,3.49,2.23,2.71,2.09
2.754,3.49,2.23,2.71,2.08
2.755,3.48,2.22,2.7,2.07
2.756,3.47,2.21,2.69,2.06
2.757,3.46,2.19,2.68,2.05
2.758,3.45,2.18,2.67,2.05
2.759,3.44,2.17,2.66,2.03
2.76,4.83,4.08,2.78,2.29
2.761,4.84,4.08,2.79,2.29
2.762,4.83,4.07,2.8,2.3
2.763,4.82,4.07,2.8,2.31
2.764,4.83,4.08,2.81,2.32
2.765,4.83,4.08,2.82,2.32
2.766,4.83,4.08,2.83,2.33
2.767,4.83,4.08,2.83,2.33
2.768,4.83,4.08,2.83,2.34
2.769,4.83,4.08,2.84,2.34
2.77,4.83,4.08,2.84,2.34
2.771,4.83,4.07,2.84,2.33
2.772,4.83,4.08,2.84,2.34
2.773,4.83,4.08,2.83,2.33
2.774,4.83,4.08,2.83,2.33
2.775,4.83,4.08,2.76,2.29
2.776,4.82,4.07,2.76,2.29
2.777,4.83,4.08,2.76,2.3
2.778,4.83,4.08,2.77,2.3
2.779,4.82,4.08,2.77,2.3
2.78,4.82,4.07,2.78,2.31
2.781,4.83,4.08,2.79,2.31
2.782,4.82,4.07,2.79,2.32
2.783,4.83,4.08,2.81,2.33
2.784,4.83,4.08,2.81,2.34
2.785,4.83,4.08,2.82,2.34
2.786,4.83,4.08,2.83,2.35
2.787,4.83,4.08,2.83,2.35
2.788,4.82,4.08,2.84,2.35
2.789,4.83,4.08,2.84,2.36
2.79,3.95,2.96,2.69,2.12
2.791,3.92,2.93,2.68,2.11
2.792,3.88,2.89,2.68,2.1
2.793,3.85,2.85,2.67,2.09
2.794,3.82,2.82,2.66,2.09
2.795,3.8,2.8,2.66,2.09
2.796,3.78,2.76,2.66,2.08
2.797,3.76,2.74,2.66,2.08
2.798,3.74,2.71,2.66,2.08
2.799,3.73,2.69,2.66,2.08
2.8,3.72,2.68,2.67,2.08
2.801,3.71,2.66,2.68,2.09
2.802,3.71,2.65,2.68,2.09
2.803,3.7,2.64,2.69,2.1
2.804,3.7,2.63,2.7,2.1
2.805,3.59,2.32,2.71,2.09
2.806,3.59,2.31,2.71,2.09
2.807,3.58,2.31,2.7,2.08
2.808,3.57,2.31,2.69,2.07
2.809,3.81,2.54,2.69,2.08
2.81,4.17,2.88,2.69,2.09
2.811,4.43,3.19,2.69,2.11
2.812,4.6,3.45,2.69,2.13
2.813,4.68,3.6,2.69,2.14
2.814,4.72,3.69,2.69,2.15
2.815,4.74,3.75,2.7,2.16
2.816,4.76,3.81,2.7,2.17
2.817,4.77,3.84,2.7,2.18
2.818,4.78,3.87,2.71,2.19
2.819,4.79,3.9,2.72,2.2
2.82,4.81,4.05,2.83,2.35
2.821,4.82,4.06,2.83,2.35
2.822,4.83,4.06,2.84,2.36
2.823,4.83,4.06,2.84,2.36
2.824,4.82,4.06,2.84,2.36
2.825,4.83,4.06,2.83,2.35
2.826,4.83,4.06,2.83,2.35
2.827,4.81,4.05,2.82,2.34
2.828,4.8,4.04,2.81,2.33
2.829,4.81,4.05,2.81,2.33
2.83,4.82,4.05,2.81,2.32
2.831,4.82,4.05,2.8,2.32
2.832,4.81,4.05,2.78,2.31
2.833,4.81,4.05,2.78,2.31
2.834,4.81,4.05,2.77,2.3
2.835,4.82,4.05,2.79,2.33
2.836,4.81,4.05,2.8,2.33
2.837,4.81,4.05,2.8,2.34
2.838,4.81,4.05,2.81,2.34
2.839,4.81,4.05,2.82,2.35
2.84,4.82,4.05,2.83,2.35
2.841,4.82,4.06,2.83,2.36
2.842,4.82,4.05,2.84,2.36
2.843,4.81,4.05,2.84,2.36
2.844,4.81,4.06,2.84,2.37
2.845,4.83,4.06,2.85,2.37
2.846,4.82,4.06,2.84,2.37
2.847,4.83,4.06,2.84,2.36
2.848,4.81,4.05,2.83,2.35
2.849,4.81,4.05,2.83,2.35
2.85,3.61,2.45,2.64,2.04
2.851,3.61,2.45,2.65,2.05
2.852,3.63,2.45,2.66,2.06
2.853,3.62,2.45,2.66,2.05
2.854,3.61,2.43,2.66,2.06
2.855,3.61,2.43,2.66,2.06
2.856,3.62,2.43,2.67,2.07
2.857,3.63,2.43,2.68,2.08
2.858,3.63,2.43,2.69,2.09
2.859,3.65,2.44,2.7,2.09
2.86,3.65,2.43,2.7,2.09
2.861,3.65,2.44,2.71,2.1
2.862,3.66,2.44,2.72,2.1
2.863,3.66,2.43,2.72,2.11
2.864,3.66,2.43,2.73,2.11
2.865,4.78,3.93,2.74,2.24
2.866,4.79,3.95,2.75,2.24
2.867,4.8,3.97,2.75,2.24
2.868,4.81,3.97,2.74,2.24
2.869,4.8,3.97,2.74,2.24
2.87,4.8,3.97,2.73,2.24
2.871,4.79,3.98,2.74,2.24
2.872,4.8,3.98,2.74,2.25
2.873,4.79,3.98,2.74,2.25
2.874,4.8,3.99,2.74,2.26
2.875,4.81,4.0,2.76,2.27
2.876,4.81,4.01,2.76,2.27
2.877,4.81,4.01,2.77,2.28
2.878,4.81,4.01,2.77,2.29
2.879,4.81,4.01,2.78,2.3
2.88,4.81,4.03,2.83,2.35
2.881,4.82,4.05,2.84,2.35
2.882,4.82,4.04,2.82,2.34
2.883,4.81,4.03,2.81,2.32
2.884,4.8,4.02,2.8,2.32
2.885,4.8,4.03,2.8,2.32
2.886,4.82,4.04,2.79,2.32
2.887,4.82,4.04,2.78,2.31
2.888,4.8,4.03,2.76,2.3
2.889,4.81,4.03,2.76,2.3
2.89,4.81,4.03,2.76,2.29
2.891,4.81,4.03,2.76,2.29
2.892,4.81,4.03,2.76,2.29
2.893,4.81,4.03,2.76,2.3
2.894,4.81,4.03,2.76,2.29
2.895,4.81,4.03,2.83,2.33
2.896,4.72,3.85,2.83,2.31
2.897,4.64,3.74,2.81,2.29
2.898,4.57,3.65,2.81,2.28
2.899,4.51,3.57,2.81,2.27
2.9,4.45,3.5,2.8,2.25
2.901,4.38,3.43,2.79,2.24
2.902,4.33,3.37,2.78,2.21
2.903,4.27,3.3,2.77,2.2
2.904,4.23,3.26,2.76,2.2
2.905,4.2,3.21,2.76,2.18
2.906,4.15,3.16,2.74,2.16
2.907,4.1,3.1,2.71,2.15
2.908,4.06,3.05,2.7,2.13
2.909,4.02,3.02,2.7,2.12
2.91,3.66,2.4,2.69,2.08
2.911,3.66,2.41,2.69,2.08
2.912,3.67,2.41,2.7,2.08
2.913,3.68,2.41,2.71,2.09
2.914,3.68,2.42,2.71,2.1
2.915,3.69,2.43,2.72,2.1
2.916,3.7,2.43,2.73,2.11
2.917,3.71,2.43,2.73,2.11
2.918,3.71,2.43,2.74,2.11
2.919,3.72,2.43,2.74,2.12
2.92,3.71,2.43,2.74,2.11
2.921,3.71,2.43,2.74,2.11
2.922,3.7,2.42,2.74,2.11
2.923,3.71,2.42,2.74,2.11
2.924,3.71,2.42,2.73,2.1
2.925,4.81,4.01,2.74,2.25
2.926,4.8,4.01,2.74,2.26
2.927,4.81,4.02,2.75,2.27
2.928,4.81,4.02,2.75,2.27
2.929,4.81,4.01,2.75,2.27
2.93,4.8,4.01,2.76,2.28
2.931,4.81,4.02,2.77,2.29
2.932,4.81,4.02,2.77,2.29
2.933,4.81,4.02,2.79,2.3
2.934,4.81,4.02,2.8,2.31
2.935,4.81,4.02,2.8,2.31
2.936,4.81,4.02,2.81,2.32
2.937,4.81,4.02,2.81,2.32
2.938,4.81,4.03,2.82,2.33
2.939,4.82,4.04,2.83,2.34
2.94,4.81,4.02,2.76,2.29
2.941,4.81,4.03,2.76,2.28
2.942,4.81,4.02,2.75,2.27
2.943,4.81,4.02,2.75,2.27
2.944,4.8,4.02,2.74,2.27
2.945,4.81,4.02,2.75,2.28
2.946,4.81,4.02,2.75,2.27
2.947,4.81,4.02,2.74,2.27
2.948,4.8,4.02,2.75,2.28
2.949,4.81,4.02,2.75,2.28
2.95,4.81,4.02,2.76,2.28
2.951,4.81,4.02,2.76,2.29
2.952,4.81,4.02,2.77,2.3
2.953,4.81,4.02,2.78,2.3
2.954,4.81,4.02,2.78,2.31
2.955,3.94,2.88,2.74,2.14
2.956,3.92,2.84,2.73,2.14
2.957,3.89,2.82,2.73,2.13
2.958,3.87,2.79,2.71,2.12
2.959,3.85,2.76,2.7,2.11
2.96,3.83,2.74,2.69,2.1
2.961,3.81,2.71,2.68,2.09
2.962,3.79,2.69,2.68,2.08
2.963,3.78,2.67,2.67,2.07
2.964,3.75,2.65,2.66,2.06
2.965,3.74,2.62,2.66,2.06
2.966,3.73,2.61,2.65,2.05
2.967,3.72,2.59,2.65,2.05
2.968,3.72,2.58,2.65,2.05
2.969,3.71,2.57,2.65,2.05
2.97,3.72,2.41,2.72,2.09
2.971,3.72,2.42,2.73,2.1
2.972,3.73,2.42,2.74,2.11
2.973,3.74,2.42,2.74,2.1
2.974,3.73,2.42,2.74,2.11
2.975,3.84,2.55,2.74,2.11
2.976,4.13,2.82,2.73,2.12
2.977,4.37,3.09,2.73,2.13
2.978,4.54,3.34,2.73,2.15
2.979,4.64,3.51,2.73,2.16
2.98,4.7,3.62,2.74,2.17
2.981,4.72,3.69,2.73,2.17
2.982,4.74,3.73,2.72,2.17
2.983,4.75,3.77,2.71,2.18
2.984,4.76,3.8,2.71,2.18
2.985,4.8,4.0,2.77,2.29
2.986,4.8,4.0,2.78,2.29
2.987,4.8,4.0,2.78,2.3
2.988,4.8,4.0,2.79,2.31
2.989,4.8,4.0,2.8,2.31
2.99,4.8,4.0,2.81,2.31
2.991,4.81,4.01,2.81,2.32
2.992,4.8,4.01,2.82,2.32
2.993,4.8,4.01,2.82,2.33
2.994,4.8,4.01,2.82,2.33
2.995,4.81,4.02,2.83,2.34
2.996,4.81,4.01,2.83,2.34
2.997,4.82,4.01,2.82,2.33
2.998,4.81,4.01,2.82,2.32
2.999,4.8,4.0,2.81,2.31
3.0,4.8,4.0,2.75,2.28
3.001,4.8,4.0,2.75,2.28
3.002,4.81,4.0,2.75,2.28
3.003,4.8,4.0,2.75,2.28
3.004,4.8,3.99,2.75,2.28
3.005,4.8,3.99,2.76,2.29
3.006,4.8,4.0,2.77,2.3
3.007,4.8,4.0,2.78,2.3
3.008,4.8,4.0,2.79,2.31
3.009,4.81,4.01,2.8,2.32
3.01,4.81,4.01,2.8,2.32
3.011,4.8,4.01,2.81,2.33
3.012,4.8,4.01,2.81,2.33
3.013,4.8,4.01,2.82,2.34
3.014,4.79,4.01,2.82,2.33
3.015,3.73,2.55,2.68,2.07
3.016,3.71,2.54,2.67,2.06
3.017,3.7,2.52,2.66,2.05
3.018,3.69,2.51,2.66,2.05
3.019,3.68,2.49,2.66,2.05
3.02,3.68,2.49,2.65,2.05
3.021,3.68,2.48,2.65,2.04
3.022,3.67,2.47,2.65,2.04
3.023,3.67,2.47,2.65,2.04
3.024,3.67,2.46,2.66,2.05
3.025,3.68,2.46,2.67,2.05
3.026,3.68,2.46,2.67,2.05
3.027,3.68,2.46,2.67,2.06
3.028,3.69,2.46,2.68,2.06
3.029,3.7,2.46,2.68,2.07
3.03,4.77,3.85,2.8,2.27
3.031,4.78,3.87,2.8,2.27
3.032,4.78,3.87,2.78,2.26
3.033,4.77,3.87,2.78,2.26
3.034,4.78,3.89,2.77,2.26
3.035,4.79,3.89,2.76,2.25
3.036,4.78,3.89,2.75,2.25
3.037,4.78,3.89,2.75,2.25
3.038,4.78,3.9,2.74,2.24
3.039,4.78,3.9,2.74,2.24
3.04,4.78,3.9,2.73,2.24
3.041,4.78,3.9,2.73,2.24
3.042,4.78,3.91,2.73,2.25
3.043,4.78,3.91,2.73,2.25
3.044,4.79,3.92,2.74,2.25
